ordem;narrativa
499700;PARAFUSO ASSISTENCIA 
499874;"100 -  AGA'S - 22/06/2021 FRACIONADA
100 >> 64"
499960;SOLICITADO POR JUNIOR
501362;5.25.1017 - 14 PCS - 501.321
502016;
502017;
502858;
503962;Suporte da eletrocalhas da usinagem
504543;rbatista
504832;DEIVIDIRS - ADICIONAR FIXADOR
505687;GCOSTA - ALTERACAO DE DESENHO
505753;ESILVA - INSERIR PINO COM TRAVA CUNHA E MELHORAR FIXACAO
505754;ESILVA - DISPOSITIVO DISTANTE DO OPERADOR, POSSIBILIDADE DE ACRESCENTAR MAIS PECAS
505840;angelovb
505841;angelovb
506172;angelovb
506641;RZAMBELLI
507190;MELHORIA P/ EVITAR CAUSA DE ACIDENTES 
507327;ATUALIZACAO CONFORME PROJETO
507412;BBALAN
507413;BBALAN
507419;110 - GA'S - 07/03/2022
507423;110 - GA'S - 07/03/2022
507451;SPAGANINE - PECA AVULSA
507494;PECA REPOSICAO REFERENTE A OP: 507482
507500;rbatista- MAQ FEIRA
507596;
507604;ESILVA - DISPOSITIVO GRADE
507621;juniorapr
507624;
507637;SPAGANINE - DT
507641;SPAGANINE - DT
507774;20 - GP'S - 18/03/2022
507848;"PECA DE REPOSICAO REFERENTE A OP: 507822
"
507860;"PECA DE REPOSICAO REFERENTE A OP: 507836
4 >> 12"
507898;ESILVA - MELHORIA
507901;SPAGANINE - PCP/DT
507902;ADAOTACAO DE CONECTOR
507930;CHASSI H CAMINHAO ATR 320X
507932;CHASSI H CAMINHAO ATR 320X
508035;MATERIAL S/ROSCA
508048;PECA DE REPOSICAO REFERENTE A OP : 508040
508185;PECA AVULSA REFERENTE A OP: 508155
508201;
508217;CX OLEO ATA 28000 PROTOTIPO
508220;"CX OLEO ATA 28000 PROTOTIPO
1 >> 50"
508229;CX OLEO ATA 28000 PROTOTIPO
508233;"CX OLEO ATA 28000 PROTOTIPO
1 >> 50"
508253;MAq Grunner 
508260;MAq Grunner 
508265;MAq Grunner 
508382;rzambelli
508464;DF  MAQ FEIRA
508466;DF  MAQ FEIRA
508467;DF  MAQ FEIRA
508558;DF  MAQ FEIRA
508563;DF  MAQ FEIRA
508571;DF  MAQ FEIRA
508593;COR: VERDE PU
508649;juniorapr
508656;COR: PRETO
508657;P/ USO EXTERNO DANIEL
508739;PECA DE REPOSICAO REFERENTE A OP: 508390
508796;ABERETELLA - GRADE
508927;USINAR CONFORME DESENHO
508941;COR: VERDE JD
508943;
508961;JMARIA - RETRABALHO FIO DE ROSCA
508965;
508978;"SPAGANINE - GRADE 17/03/2022 E 07/04/2022 E 20/04/2022
3 >> 4"
508982;
508983;
508984;
509018;
509019;"PECA DE REPOSICAO REFERENTE A OP: 508934 / 508969
17 >> 14"
509113;esilva- MELHORIA NO DISPOSITIVO ( INVERTER LADO DE REFERENCIA)
509128;SPAGANINE
509260;juniorapr
509277;PECA DE REPOSICAO REFERENTE A OP: 509154
509311;PECA DE REPOSICAO REFERENTE A OP : 509243
509313;PECA DE REPOSICAO REFERENTE A OP : 509244
509326;
509347;
509404;JMARIA - RETRABALHO
509479;
509533;FRACIONADA 1274332 REPORTAR
509540;
509676;PECA DE REPOSICAO REFERENTE A OP: 509524
509692;
509698;
509733;"PECA AVULSA PLANTIO
spaganine 2 > 10 "
510056;"PECA AVULSA  REFERENTE A OP: 510049
"
510059;"COR: CINZA METALICO

ATENDER GARANTIA CLIENTE PARAISO MAQUINAS AGRICOLAS LTDA

GRADE ARADORA INTERMEDIARIA GAI28ATA - 28 X 6,0MM"
510064;rzambelli
510081;ESTOQUE
510200;20 - GP'S - 12/05/2022
510201;"20 - GP'S - 12/05/2022
120 >> 66"
510207;20 - GP'S - 12/05/2022
510251;GCOSTA - COR: VERDE JOHN DEERE
510264;PECA AVULSA - PROTOTIPO
510507;angelovb
510544;gmoretto
510571;SPAGANINE - FAZER ROSCA
510732;PECA AVULSA - PLANTIO
510733;PECA AVULSA - PLANTIO
510745;PECA AVULSA - PLANTIO
510770;
510771;
510776;esilva-melhoria em base sextavada de guia, e adequaCAo para o item 5.12.1138
510816;COLOCAR CONECTOR
510906;20 - GN'S - 24/05/2022
510934;
510937;
510938;
510973;rzambelli- Jumelo
510974;rzambelli- Jumelo
511001;PECA AVULSA REFERENTE A OPS : 510994/510995/510996/510997
511006;PECA AVULSA REFERENTE A OPS : 510994/510995/510996/510997
511037;juniorapr
511051;PAGANINE
511136;
511166;GRADES PED: 45087 - 02/06/2022
511185;20 - GP'S - 01/06/2022
511310;GRADES - 02/06/2022 - PED: 45186 + OP: 511166
511311;GRADES - 02/06/2022
511330;PECAS DEMONTAGEM PLANTIO
511337;deividirs
511412;JOSIMAR QUALIDADE
511413;juniorapr
511717;PECA AVULSA - PLANTIO
511883;rbatista
511884;arodrigues
511907;
511933;juniorapr
512077;COLOCAR CONECTOR - MAQUINA DC
512132;LEONARDO - PROTOTIPO
512133;LEONARDO - PROTOTIPO
512134;LEONARDO - PROTOTIPO
512149;PAGANINE
512188;PECA AVULSA - USINAGEM
512191;PECA AVULSA - MONTAGEM
512301;mtrovatti
512316;COR: PRETO
512319;PAGANINE
512320;PECA AVULSA - USINAGEM
512353;FRACIONADA - 1291599
512356;PECA AVULSA PLANTIO
512423;PECA AVULSA PLANTIO
512554;OP REF: 511961
512555;GRADES 23/06/2022 E 30/06/2022
512684;juniorapr
512687;juniorapr
512711;COR: PRETO
512772;JUNIORAPR
512773;COR: VERDE JD
512791;juniorapr 
512840;
512865;PECA AVULSA - PLANTIO
512910;juniorapr plataforma 
513045;PECA AVULSA - PLANTIO
513210;PECA AVULSA - PLANTIO - ELEVADORES
513246;juniorapr
513260;
513267;jaruajo
513268;jaraujo
513277;rzambelli
513281;gmoretto - suporte facas
513361;ANGELOVB - PLANTIO - 8 PCP
513404;juniorapr
513418;
513420;
513421;
513436;plataforma junior 
513462;RZAMBELLI
513482;ANGELOVB - PLANTIO - PCP
513499;PROTOTIPO
513500;PROTOTIPO
513524;PECA AVULSA - SOLDA ROBO
513718;GP LOTE: 21/07/2022 + 20 MAQ ESTQ
513948;LEONARDO - VENDA DE SERVICOS
513955;LEONARDO - VENDA DE SERVICOS
513956;LEONARDO - VENDA DE SERVICOS
513957;LEONARDO - VENDA DE SERVICOS
513964;ACAO: CRIADA SOLICITANTE: MARIO MOTIVO: DISPOSITIVO DE GABARITO
513989;GABRIEL
513990;GABRIEL
514032;"JUNIOR
16 > 26"
514043;Estrututa Inf. Direito Pedido ATA 45899
514080;Estrututa Inf. Direito Pedido ATA 45899
514139;Estrutura Inf. Pedido ATA 45899
514145;Estrutura Inf. Direito Pedido ATA 45899
514369;Pedido ATA 45947
514373;Pedido ATA 45947
514571;"PeCas Avulsa lote 12/08/22
"
514588;PeCas Avulsa lote 12/08/22
514611;PeCas Avulsa lote 12/08/22
514633;"PeCas Avulsa lote 12/08/22
24 > 200"
514635;"PeCas Avulsa lote 12/08/22
8 > 200"
514637;"PeCas Avulsa lote 12/08/22
40 > 500"
514642;"PeCas Avulsa lote 12/08/22
"
514653;"PeCas Avulsa lote 12/08/22
8 > 200"
514655;"PeCas Avulsa lote 12/08/22
"
514657;"PeCas Avulsa lote 12/08/22
24 > 200 "
514660;"PeCas Avulsa lote 12/08/22
"
514661;"PeCas Avulsa lote 12/08/22
"
514712;Ordens Gmoretto 16/08
514718;Ordens Gmoretto 16/08
514726;Ordens Gmoretto 16/08
514727;Ordens Gmoretto 16/08
514751;Ordens Gmoretto 16/08
514796;COR: VERDE JD
514991;DEIVIDIRS
515094;jaraujo- estrura da bica atrx  19/08
515095;jaraujo- estrura da bica atrx  19/08
515124;"PECA DE REPOSICAO REFERENTE A OP: 514982
2> 30 "
515211;
515214;GERAR NOVO ACOPLAMENTO P/ NOVO SUPORTE DO SULCADOR 
515215;GERAR NOVO ACOPLAMENTO P/ NOVO SUPORTE DO SULCADOR 
515219;COR: VERDE JD
515306;REF A ROLDANA DA GRUNNER 
515335;PECA REPOSICAO REFERENTE A OP: 515251
515362; Eixo ExportaCAo, Abu Dhabi.
515413;ProteCAo PCP ANGELOVB 29/08
515451;PECA AVULSA REFERENTE A OP: 515383
515452;PECA AVULSA REFERENTE A OP: 515383
515453;PECA AVULSA REFERENTE A OP: 515383
515477;
515478;gmoretto
515479;gmoretto
515532;
515533;
515623;ZAMBELLI
515722;" PeCas Avulsa para Atendimento de Garantia
"
515723;" PeCas Avulsa para Atendimento de Garantia
"
515809;"COR: CINZA METALICO
ATENDIMENTO EM GARANTIA - SG.138"
515834;PECA REPOSICAO REFERENTE A OP: 515800
515875;JUMIL
515884;JUMIL
516028;op: 1305425
516144;RETRABALHO TORNO - CHAVETEIRO
516145;angelovb
516146;angelovb
516153;dispositivos p/ Fabrica 2
516154;"dispositivos p/ Fabrica 2
"
516155;"dispositivos p/ Fabrica 2
"
516158;"dispositivos p/ Fabrica 2
"
516159;"dispositivos p/ Fabrica 2
"
516160;"dispositivos p/ Fabrica 2
"
516161;"dispositivos p/ Fabrica 2
"
516162;"dispositivos p/ Fabrica 2
"
516163;"dispositivos p/ Fabrica 2
"
516164;"dispositivos p/ Fabrica 2
"
516165;"dispositivos p/ Fabrica 2
"
516166;"dispositivos p/ Fabrica 2
"
516167;"dispositivos p/ Fabrica 2
"
516168;"dispositivos p/ Fabrica 2
"
516169;"dispositivos p/ Fabrica 2
"
516171;"dispositivos p/ Fabrica 2
"
516173;"dispositivos p/ Fabrica 2
"
516174;"dispositivos p/ Fabrica 2
"
516176;"dispositivos p/ Fabrica 2
"
516177;"dispositivos p/ Fabrica 2
"
516178;"dispositivos p/ Fabrica 2
"
516179;"dispositivos p/ Fabrica 2
"
516180;"dispositivos p/ Fabrica 2
"
516181;"dispositivos p/ Fabrica 2
"
516182;"dispositivos p/ Fabrica 2
"
516183;"dispositivos p/ Fabrica 2
"
516186;angelovb
516191;angelovb FURO 60 MM 
516192;FURO 44 MM
516334;
516340;
516407;ANGELOVB - PCP REPOSICAO GABARITO
516420;ANGELOVB - PCP REPOSICAO GABARITO
516422;ANGELOVB - PCP REPOSICAO GABARITO
516423;FABRICA 2
516501;PECAS DE REPOSICAO - PLANTIO
516510;PECAS DE REPOSICAO - PLANTIO
516551;GABRIEL
516640;LBISPO
516696;JUNIOR
516726;CVICENTE - ATA 28000
516727;CVICENTE - ATA 28000
516732;GABRIEL
516738;CVICENTE - ATA 28000
516787;FRACIONADO OP: 1303052
516788;FRACIONADO OP: 1303052
516789;FRACIONADO OP: 1303052
516798;FRACIONADO OP: 1303052
516800;
516825;JUNIOR
516836;MARIO
516877;DF 5 MAQ
516885;DF 5 MAQ
516932;DF 5 MAQ
516993;REFERENTE AO RESTANTE DA OP: 515251
517016;24 Grunner - Pedido: 46625
517017;24 Grunner - Pedido: 46625
517018;24 Grunner - Pedido: 46625
517019;24 Grunner - Pedido: 46625
517050;24 Grunner - Pedido: 46625
517051;24 Grunner - Pedido: 46625
517052;24 Grunner - Pedido: 46625
517053;24 Grunner - Pedido: 46625
517054;24 Grunner - Pedido: 46625
517055;24 Grunner - Pedido: 46625
517093;JUNIOR
517096;JUNIOR
517118;JUNIOR
517121;JUNIOR
517134;JUNIOR
517137;JUNIOR
517145;JUNIOR
517165;JUNIOR
517174;JUNIOR
517190;
517271;ANGELOVB - TALHA
517308;10/10/2022 - 1.314.398 A 1.315.033
517445;COR: VERDE JD PEDIDO: 46733 CLIENTE: DELTA
517506;
517511;
517536;ABERETELLA - TALHA
517608;GABRIEL
517638;
517644;ROGERIO
517659;JUNIOR
517666;JUNIOR
517669;JUNIOR
517678;JUNIOR
517860;VINHACA - REF OP: 517.844
517994;
518037;PECAS DE REPOSICAO
518162;PROTECAO DE SEGURANCA DA PRENSA (NR 12)
518184;PECAS DE REPOSICAO / REF OP: 518.144 / PED: 46930 / COR: CERDE JD
530000;gmoretto-estoque
530001;gmoretto-estoque
530059;PLANTIO
530060;PLANTIO
530100;
530179;ANGELOVB - ATA2
530269;angelovb
530276;
530347;
530348;gmoretto
530352;USINADOS ATA 22000SC - 17/11/2022
530365;USINADOS ATA 22000SC - 17/11/2022
530393;
530414;PECAS DE REPOSICAO / COR: VERDE JD 
530417;PECAS DE REPOSICAO / ESTOQUE / COR: CINZA MASSEY
530423;PECAS DE REPOSICAO / ESTOQUE / COR: CINZA MASSEY
530466;PECA DE REPOSICAO / COR: VERDE JD
530467;PECA DE REPOSICAO / COR: VERDE JD
530498;PECA DE REPOSICAO / REF OP: 530.423 / ESTOQUE / COR: CINZA MASSEY
530511;FABRICA 2 - CONTINUACAO OP: 516172
530572;PECAS DE REPOSICAO / REF OP: 530.423 / ESTOQUE / COR: CINZA MASSEY
530587;ATA 2 - ABERETELLA
530616;PECAS DE REPOSICAO / ITENS FALTANTES
530622;
530623;
530627;PROTOTIPO
530667;gmoretto 02/12
530668;gmoretto 02/12
530691;
530759;
530851;PECAS DE REPOSICAO / PED: 47223 / COR: PRETO
530862;PECAS DE REPOSICAO / REF OP: 530.852 / PED: 47223 / COR: PRETO
530863;PECAS DE REPOSICAO / REF OP: 530.852 / PED: 47223 / COR: PRETO
530871;
530879;GABRIEL
530890;GRUNNER REFORMA (SR ADELIO)
530897;REFORMA GRUNNER (SR ADELIO)
530905;REFORMA GRUNNER (SR ADELIO)
530909;REFORMA GRUNNER (SR ADELIO)
530917;REFORMA GRUNNER (SR ADELIO)
530933;REFORMA GRUNNER (SR ADELIO)
530935;REFORMA GRUNNER (SR ADELIO)
530936;REFORMA GRUNNER (SR ADELIO)
530976;GABRIEL
530988;PECAS DE REPOSICAO
530991;PECAS DE REPOSICAO
530998;CAVALETE - BERETELLA
531000;REFORMA GRUNNER (SR ADELIO)
531018;REFORMA GRUNNER (SR ADELIO)
531021;INDUSTRIALIZACAO - DOBRA - OP: 1320764 - 1.25.1921
531043;PECA DE REPOSICAO / PED: 47273 / REF OP: 531.030
531054;PECA DE REPOSICAO / PED: 47273 / REF OP: 531.030
531057;PECA DE REPOSICAO / PED: 47273 / REF OP: 531.030
531089;PECA DE REPOSICAO / PED: 47223 / REF OP: 531.035 / COR: PRETO
531091;PECA DE REPOSICAO / PED: 47223 / REF OP: 531.035 / COR: PRETO
531092;PECA DE REPOSICAO / PED: 47223 / REF OP: 531.035 / COR: PRETO
531096;PECA DE REPOSICAO / PED: 47268 / REF OP: 531.036 e 531.037 / COR: VERMELHO ATA
531097;PECA DE REPOSICAO / PED: 47268 / REF OP: 531.036 e 531.037 / COR: VERMELHO ATA
531098;PECA DE REPOSICAO / PED: 47268 / REF OP: 531.036 e 531.037 / COR: VERMELHO ATA
531105;PECA DE REPOSICAO / PED: 47268 / REF OP: 531.036 e 531.037 / COR: VERMELHO ATA
531106;PECA DE REPOSICAO / PED: 47268 / REF OP: 531.036 e 531.037 / COR: VERMELHO ATA
531135;angelovb
531137;GABRIEL
531139;PECAS DE REPOSICAO - PRIORIDADE
531170;PECAS DE REPOSICAO - PRIORIDADE
531171;PECAS DE REPOSICAO - PRIORIDADE
531172;PECAS DE REPOSICAO - PRIORIDADE
531173;PECAS DE REPOSICAO - PRIORIDADE
531174;PECAS DE REPOSICAO - PRIORIDADE
531175;PECAS DE REPOSICAO - PRIORIDADE
531176;PECAS DE REPOSICAO - PRIORIDADE
531177;PECAS DE REPOSICAO - PRIORIDADE
531178;PECAS DE REPOSICAO - PRIORIDADE
531179;PECAS DE REPOSICAO - PRIORIDADE
531190;PECA DE REPOSICAO
531199;PECA DE REPOSICAO / PED: 47297 / COR: VERDE JD
531205;PECA DE REPOSICAO / PED: 47297 / COR: VERDE JD
531256;PECA DE REPOSICAO / REF OP: 531.202 / PED: 47297
531274;BERETELLA
531304;ABERETELLA - ATA 2
531308;
531309;
531311;spaganine
531387;RENAN - CAMINHAO
531392;RENAN - CAMINHAO
531393;RENAN - CAMINHAO
531394;RENAN - CAMINHAO
531419;1 >> 12-PECA DE REPOSICAO
531504;PCP DEMONSTRACAO
531598;PCP DEMONSTRACAO
531600;PCP DEMONSTRACAO
531602;PCP DEMONSTRACAO
531608;4 >> 100 - PCP DEMONSTRACAO
531618;PCP DEMONSTRACAO
531634;2 >> 100 - PCP DEMONSTRACAO
531648;PCP DEMONSTRACAO
531718;ABERETELLA - ESTQ GRADE
531720;16 >> 50 - PCP FOMINHA FIXO
531722;24 >> 100 - PCP FOMINHA FIXO
531725;PCP FOMINHA FIXO
531776;PCP FOMINHA FIXO
531777;PCP FOMINHA FIXO
531778;PCP FOMINHA FIXO
531779;PCP FOMINHA FIXO
531780;PCP FOMINHA FIXO
531781;PCP FOMINHA FIXO
531847;PCP - KIT DESTORROADOR USINA IACO
531848;PCP - KIT DESTORROADOR USINA IACO
531869;PCP - KIT DESTORROADOR USINA IACO
531873;PCP - KIT DESTORROADOR USINA IACO
531874;PCP - KIT DESTORROADOR USINA IACO
531876;PCP - KIT DESTORROADOR USINA IACO
531877;PCP - KIT DESTORROADOR USINA IACO
531878;PCP - KIT DESTORROADOR USINA IACO
531881;PCP - KIT DESTORROADOR USINA IACO
531882;PCP - KIT DESTORROADOR USINA IACO
531883;PCP - KIT DESTORROADOR USINA IACO
531884;PCP - KIT DESTORROADOR USINA IACO
531885;PCP - KIT DESTORROADOR USINA IACO
531962;ABERETELLA - ATA 2 - 95.14.014-37 E 95.14.014-38
531993;GABRIEL
531994;GABRIEL
532030;ABERETELLA - GRADE
532031;ABERETELLA - GRADE
532037;PECAS DE REPOSICAO / PED: 47513
532042;PECAS DE REPOSICAO / PED: 47517
532043;PECAS DE REPOSICAO / PED:47513 / REF OP: 532.037
532062;ZAMBELLI - ESTOQUE
532086;MTROVATTI
532150;REFORMA CAMINHAO GRUNNER
532203;CHASSIS GAI32 E GPR14 PED: 47579
532204;CHASSIS GAI32 E GPR14 PED: 47579
532229;GABRIEL
532236;PECAS DE REPOSICAO / PED: 47538
532340;PECAS DE REPOSICAO / PED:47622 / COR: CINZA MASSEY
532348;50 >> 400 - PECAS DE REPOSICAO / PED: 47622 / COR: CINZA MASSEY
532496;PECAS DE REPOSICAO / PED: 47636 / COR: VERDE JD
532531;PECAS DE REPOSICAO / COR: APLICAR FUNDO
532653;
532675;
532692;PCP DEMONSTRACAO
532702;PECAS DE REPOSICAO / PED: 47661
532706;PECAS DE REPOSICAO / STATUS: PRIORIDADE / COR: CINZA MASSEY
532711;PECAS DE REPOSICAO / STATUS: PRIORIDADE / COR: CINZA MASSEY
532722;PCP
532731;MARIO - ABAFADOR DF
532762;FSANTOS
532764;OP: 532.763
532777;ATA2 - DISPOSITIVO
532785;PECAS DE REPOSICAO / PED: 47738
532798;PECAS DE REPOSICAO / PED: 47738
532799;PECAS DE REPOSICAO / PED: 47738
532805;PECAS DE REPOSICAO / PED: 47717 e 47718
532858;FSANTOS - PLATAFORMA LATERAL PCP FF
532867;FSANTOS - PLATAFORMA LATERAL PCP FF
532868;FSANTOS - PLATAFORMA LATERAL PCP FF
532887;ZAMBELLI
532888;ZAMBELLI
532922;PECAS DE REPOSICAO - SALDO
532923;ZAMBELLI - 2.29.290 >> 2.12.007
532945;PECAS DE REPOSICAO / FUSO COMPLETODE REGULAGEM DA RODA
532948;PECAS DE REPOSICAO / FUSO COMPLETODE REGULAGEM DA RODA
532954;PECAS DE REPOSICAO / PED: 47806
532957;PECAS DE REPOSICAO / PED: 47806
532965;PECAS DE REPOSICAO / PED: 47785
532971;PECAS DE REPOSICAO / PED: 47758
532983;PECAS DE REPOSICAO / PED: 47566 / COR: VERDE JD
532987;PECAS DE REPOSICAO / PED: 47566 / COR: VERDE JD
532998;PECAS DE REPOSICAO / PED: 47785
533018;PECAS DE REPOSICAO / PED: 47758
533059;PECAS DE REPOSICAO / PED: 47770 / COR: VERDE JD
533065;PECAS DE REPOSICAO / PED: 47770 / COR: VERDE JD
533084;PECAS DE REPOSICAO / PED: 47770 / COR: VERDE JD
533085;PECAS DE REPOSICAO / PED: 47770 / COR: VERDE JD
533122;FELIPE - PCP 1102
533130;PECAS DE REPOSICAO / PED: 47842
533138;40 >> 103 PECAS DE REPOSICAO / PED: 47825 / COR: VERDE JD
533143;PECAS DE REPOSICAO / PED: 47825 / COR: VERDE JD
533149;PECAS DE REPOSICAO / PED: 47842 
533169;MARIO
533170;MARIO
533204;
533281;PECAS DE REPOSICAO / RAIZEN / PRIORIDADE
533355;PECAS DE REPOSICAO
533363;PECAS DE REPOSICAO / PED: 47855
533364;PECAS DE REPOSICAO / PED: 47855
533373;PECAS DE REPOSICAO / PED: 47868 / COR: VERDE JD
533378;PECAS DE REPOSICAO / PED: 47868 / COR: VERDE JD
533402;PECAS DE REPOSICAO / PED: 47909 e 47912
533416;PECAS DE REPOSICAO / PED: 47926 / COR: PRETO
533417;PECAS DE REPOSICAO / PED: 47926 / COR: PRETO
533426;PECAS DE REPOSICAO / PED: 47926 / COR: PRETO
533429;PECAS DE REPOSICAO / PED: 47926 / COR: PRETO
533432;PECAS DE REPOSICAO / PED: 47911
533442;PECAS DE REPOSICAO / PED: 47909 e 47912
533443;PECAS DE REPOSICAO / PED: 47909 e 47912
533448;ASSISTENCIA TECNICA
533450;REFERENTE AO PLANEJAMENTO 16/01/2023
533479;PECAS DE REPOSICAO / PED: 47959
533516;
533517;
533518;
533536;GABRIEL
533538;GABRIEL
533543;GABRIEL
533544;GABRIEL
533545;GABRIEL
533553;GABRIEL
533564;MTROVATTI
533649;GABRIEL
533650;GABRIEL
533651;GABRIEL
533652;GABRIEL
533653;GABRIEL
533654;GABRIEL
533655;GABRIEL
533656;GABRIEL
533657;GABRIEL
533658;GABRIEL
533687;RZAMBELLI - REFORMA GRUNNER
533769;APAZIN - ESTUDO CONJUNTOS SULCADORES PCP
533775;APAZIN - ESTUDO CONJUNTOS SULCADORES PCP
533776;APAZIN - ESTUDO CONJUNTOS SULCADORES PCP
533778;APAZIN - ESTUDO CONJUNTOS SULCADORES PCP
533779;APAZIN - ESTUDO CONJUNTOS SULCADORES PCP
533781;APAZIN - ESTUDO CONJUNTOS SULCADORES PCP
533784;APAZIN - ESTUDO CONJUNTOS SULCADORES PCP
533786;APAZIN - ESTUDO CONJUNTOS SULCADORES PCP
533787;APAZIN - ESTUDO CONJUNTOS SULCADORES PCP
533790;APAZIN - ESTUDO CONJUNTOS SULCADORES PCP
533799;APAZIN - ESTUDO CONJUNTOS SULCADORES PCP
533806;ABERETELLA - GRADE
533857;PECAS DE REPOSICAO / PED: 48013 e 48016 / COR: VERDE JD
533881;PECAS DE REPOSICAO / PED: 48037
533891;AVL - OP: 1335488
533911;ESTOQUE
533913;ESTOQUE
533915;ESTOQUE
533916;ESTOQUE
533935;12 >> 50 PC: VICTOR.MENDONCA
533965;PC: VICTOR.MENDONCA
533967;PC: VICTOR.MENDONCA
533977;FSANTOS - PRENSA  ATA1
533979;
534035;PECAS DE REPOSICAO / PED: 48093 / COR: VERDE JD 
534036;PECAS DE REPOSICAO / PED: AGRIMET
534037;PECAS DE REPOSICAO / PED: AGRIMET
534099;PECAS DE REPOSICAO / PED: 48132 / COR: VERDE JD
534125;SOLDA ROBO
534126;SOLDA ROBO
534144;PECAS DE REPOSICAO / PED: 48156
534215;
534307;GABRIEL
534349;
534381;BERETELLA - AGRISHOW
534391;PECAS DE REPOSICAO / PED: 48238 / COR: VERDE JD
534398;PECAS DE REPOSICAO / PED: 48238 / COR: VERDE JD
534409;PECAS DE REPOSICAO / PED: 48238 / COR: VERDE JD
534433;PECAS DE REPOSICAO
534435;PECAS DE REPOSICAO
534436;PECAS DE REPOSICAO
534437;MSILVEIRA - AVL
534483;PECAS DE REPOSICAO
534502;VINHACA
534528;GABRIEL
534529;
534530;
534619;PAGANINE
534620;PAGANINE
534632;MARIO
534644;VINHACA
534646;VINHACA
534653;VINHACA
534667;PECAS DE REPOSICAO / COR: CINZA MASSEY
534669;PECAS DE REPOSICAO / COR: CINZA MASSEY
534673;PECAS DE REPOSICAO / COR: CINZA MASSEY
534677;PECAS DE REPOSICAO / COR: CINZA MASSEY
534687;DISPOSITIVO VINHACA
534721;PECAS DE REPOSICAO / PED: 48369 
534724;PECAS DE REPOSICAO / PED: 48347
534747;PECAS DE REPOSICAO / PED: 48383 / COR: PRETO
534816;GABRIEL
534817;GABRIEL
534818;GABRIEL
534824;PECAS DE REPOSICAO / PED: 48392 / COR: VERDE JD
534825;PECAS DE REPOSICAO / PED: 48392 / COR: VERDE JD
534835;PECAS DE REPOSICAO / PED: 48394 / COR: VERDE JD
534836;PECAS DE REPOSICAO / PED: 48394 / COR: VERDE JD
534849;PECAS DE REPOSICAO / PED: 48394 / COR: VERDE JD
534868;MSILVEIRA - SERVICO
534884;PECAS DE REPOSICAO
534916;GABRIEL
534917;GABRIEL
534927;LBISPO - BERCO AVL
534928;LBISPO - BERCO AVL
534983;
534992;PECAS DE REPOSICAO / COR: AMARELO SEGURANCA
534993;PECAS DE REPOSICAO / COR: AMARELO SEGURANCA
535004;PECAS DE REPOSICAO
535005;PECAS DE REPOSICAO
535006;PECAS DE REPOSICAO
535010;PECAS DE REPOSICAO
535013;RA LOTE: 27/03/2023
535015;RA LOTE: 27/03/2023
535016;RA LOTE: 27/03/2023
535021;RA LOTE: 27/03/2023
535047;RA LOTE: 27/03/2023
535052;RA LOTE: 27/03/2023
535054;RA LOTE: 27/03/2023
535055;RA LOTE: 27/03/2023
535106;RA LOTE: 27/03/2023
535109;RA LOTE: 27/03/2023
535110;RA LOTE: 27/03/2023
535116;RA LOTE: 27/03/2023
535118;RA LOTE: 27/03/2023
535122;RA LOTE: 27/03/2023
535123;RA LOTE: 27/03/2023
535124;RA LOTE: 27/03/2023
535125;RA LOTE: 27/03/2023
535130;RA LOTE: 27/03/2023
535131;RA LOTE: 27/03/2023
535132;RA LOTE: 27/03/2023
535134;RA LOTE: 27/03/2023
535135;RA LOTE: 27/03/2023
535138;RA LOTE: 27/03/2023
535139;RA LOTE: 27/03/2023
535143;RA LOTE: 27/03/2023
535145;RA LOTE: 27/03/2023
535153;RA LOTE: 27/03/2023
535174;SPAGANINE - RA LOTE: 27/03/2023 - ALTERACAO ACOPLAMENTO
535179;SPAGANINE - RA LOTE: 27/03/2023 - ALTERACAO ACOPLAMENTO
535182;SPAGANINE - RA LOTE: 27/03/2023 - ALTERACAO ACOPLAMENTO
535185;FSANTOS - RA3200
535207;GABRIEL
535220;GMORETTO - 5.15.116 TEMPERA FLANGE AVL
535222;MARIO - AVL
535245;ENGATE AVL
535246;ENGATE AVL
535247;ENGATE AVL
535250;ENGATE AVL
535258;ENGATE AVL
535265;APROVEITAMENTO
535269;
535270;MARIO
535292;ALTERACAO DO PROJETO PARA ATENDER ATA 22000
535293;GABRIEL
535310;PECAS DE REPOSICAO / PED: 48449 
535351;PECAS DE REPOSICAO / PED: 48449
535352;PECAS DE REPOSICAO
535356;PECAS DE REPOSICAO
535380;MARIO
535381;MARIO
535384;MARIO
535434;PECAS DE REPOSICAO / ESTOQUE / COR: CINZA MASSEY
535457;PECAS DE REPOSICAO / PED: 48495 
535464;
535481;PCP: 27/04/2023 - 1.344.262 A 1.345.679
535482;PCP: 27/04/2023 - 1.344.262 A 1.345.679
535512;JOAO ARAUJO - AVL
535518;JOAO ARAUJO - AVL
535529;GRADES RAIZEN
535530;GRADES RAIZEN
535551;MARIO - DT
535608;LBISPO - QUEBRA LOMBO RAIZEN
535639;PECAS DE REPOSICAO / PED: 48578
535652;PECAS DE REPOSICAO / PED: 48589
535663;PECAS DE REPOSICAO / PED: 48584
535700;APAZIN - QUEBRA LOMBO RAIZEN
535701;APAZIN - QUEBRA LOMBO RAIZEN
535705;APAZIN - QUEBRA LOMBO RAIZEN
535708;APAZIN - QUEBRA LOMBO RAIZEN
535709;APAZIN - QUEBRA LOMBO RAIZEN
535710;APAZIN - QUEBRA LOMBO RAIZEN
535727;APAZIN - QUEBRA LOMBO RAIZEN
535729;APAZIN - QUEBRA LOMBO RAIZEN
535730;APAZIN - QUEBRA LOMBO RAIZEN
535731;APAZIN - QUEBRA LOMBO RAIZEN
535732;APAZIN - QUEBRA LOMBO RAIZEN
535733;APAZIN - QUEBRA LOMBO RAIZEN
535734;APAZIN - QUEBRA LOMBO RAIZEN
535736;APAZIN - QUEBRA LOMBO RAIZEN
535747;PECAS DE REPOSICAO / ESTOQUE
535748;PECAS DE REPOSICAO / ESTOQUE
535749;PECAS DE REPOSICAO / ESTOQUE
535750;PECAS DE REPOSICAO / ESTOQUE
535754;PECAS DE REPOSICAO / ESTOQUE
535769;PECAS DE REPOSICAO / ESTOQUE
535770;GABRIEL - AVL
535771;GABRIEL - AVL
535774;GABRIEL - AVL
535780;GABRIEL - AVL
535781;GABRIEL - AVL
535782;GABRIEL - AVL
535790;APAZIN - QUEBRA LOMBO RAIZEN
535791;APAZIN - QUEBRA LOMBO RAIZEN
535792;APAZIN - QUEBRA LOMBO RAIZEN
535793;APAZIN - QUEBRA LOMBO RAIZEN
535794;APAZIN - QUEBRA LOMBO RAIZEN
535814;APAZIN - QUEBRA LOMBO RAIZEN
535822;APAZIN - QUEBRA LOMBO RAIZEN
535823;APAZIN - QUEBRA LOMBO RAIZEN
535824;APAZIN - QUEBRA LOMBO RAIZEN
535826;APAZIN - QUEBRA LOMBO RAIZEN
535831;PECAS DE REPOSICAO / ESTOQUE
535875;ATA 2
535906;PECAS DE REPOSICAO / PED: 48686 e 48687
535907;PECAS DE REPOSICAO / PED: 48686 
535940;APAZIN - AVL 25000 TRATOR CASE MAGNUM
535943;APAZIN - AVL 25000 TRATOR CASE MAGNUM
535944;APAZIN - AVL 25000 TRATOR CASE MAGNUM
535945;APAZIN - AVL 25000 TRATOR CASE MAGNUM
535946;APAZIN - AVL 25000 TRATOR CASE MAGNUM
535948;APAZIN - AVL 25000 TRATOR CASE MAGNUM
535949;APAZIN - AVL 25000 TRATOR CASE MAGNUM
535966;GABRIEL
535968;GABRIEL
535970;GABRIEL
535973;GABRIEL
535974;GABRIEL
535975;GABRIEL
535978;APAZIN - QUEBRA LOMBO RAIZEN
535981;APAZIN - QUEBRA LOMBO RAIZEN
536003;PECAS DE REPOSICAO / PED: 48732 / COR: VERDE JD
536021;PECAS DE REPOSICAO / CLIENTE: PEDRO CASSIA (MARCOS ROMANO) / COR: VERDE JD
536022;PECAS DE REPOSICAO / CLIENTE: PEDRO CASSIA (MARCOS ROMANO) / COR: VERDE JD
536048;PECAS DE REPOSICAO / CLIENTE: PEDRO CASSIA (MARCOS ROMANO) / COR: VERDE JD
536049;PECAS DE REPOSICAO / CLIENTE: PEDRO CASSIA (MARCOS ROMANO) / COR: VERDE JD
536050;PECAS DE REPOSICAO / CLIENTE: PEDRO CASSIA (MARCOS ROMANO) / COR: VERDE JD
536051;PECAS DE REPOSICAO / CLIENTE: PEDRO CASSIA (MARCOS ROMANO) / COR: VERDE JD
536078;PECAS DE REPOSICAO / CLIENTE: PEDRO CASSIA (MARCOS ROMANO) / COR: VERDE JD
536079;PECAS DE REPOSICAO / CLIENTE: PEDRO CASSIA (MARCOS ROMANO) / COR: VERDE JD
536085;PECAS DE REPOSICAO / CLIENTE: PEDRO CASSIA (MARCOS ROMANO) / COR: VERDE JD
536091;PECAS DE REPOSICAO / CLIENTE: PEDRO CASSIA (MARCOS ROMANO) / COR: VERDE JD
536092;PECAS DE REPOSICAO / CLIENTE: PEDRO CASSIA (MARCOS ROMANO) / COR: VERDE JD
536097;PECAS DE REPOSICAO / CLIENTE: PEDRO CASSIA (MARCOS ROMANO) / COR: VERDE JD
536099;PECAS DE REPOSICAO / CLIENTE: PEDRO CASSIA (MARCOS ROMANO) / COR: VERDE JD
536102;PECAS DE REPOSICAO / CLIENTE: PEDRO CASSIA (MARCOS ROMANO) / COR: VERDE JD
536104;PECAS DE REPOSICAO / CLIENTE: PEDRO CASSIA (MARCOS ROMANO) / COR: VERDE JD
536110;PECAS DE REPOSICAO / CLIENTE: PEDRO CASSIA (MARCOS ROMANO) / COR: VERDE JD
536111;PECAS DE REPOSICAO / CLIENTE: PEDRO CASSIA (MARCOS ROMANO) / COR: VERDE JD
536115;PECAS DE REPOSICAO / CLIENTE: PEDRO CASSIA (MARCOS ROMANO) / COR: VERDE JD
536138;PECAS DE REPOSICAO / PED: 48732 / COR: VERDE JD
536142;PECAS DE REPOSICAO / PED: 48733
536153;PECAS DE REPOSICAO / PED: 48738
536162;OP: 516175 - ATA 2
536170;APAZIN - QUEBRA LOMBO RAIZEN
536197;APAZIN - QUEBRA LOMBO RAIZEN
536198;APAZIN - QUEBRA LOMBO RAIZEN
536199;APAZIN - QUEBRA LOMBO RAIZEN
536201;APAZIN - QUEBRA LOMBO RAIZEN
536202;APAZIN - QUEBRA LOMBO RAIZEN
536203;APAZIN - QUEBRA LOMBO RAIZEN
536204;APAZIN - QUEBRA LOMBO RAIZEN
536205;APAZIN - QUEBRA LOMBO RAIZEN
536206;APAZIN - QUEBRA LOMBO RAIZEN
536207;APAZIN - QUEBRA LOMBO RAIZEN
536209;PECAS DE REPOSICAO
536214;PECAS DE REPOSICAO / REPOSICAO AVP
536215;PECAS DE REPOSICAO / REPOSICAO AVP
536217;PECAS DE REPOSICAO / REPOSICAO AVP
536218;PECAS DE REPOSICAO / PED: 48753
536220;PECAS DE REPOSICAO / REPOSICAO AVP
536223;PECAS DE REPOSICAO / REPOSICAO AVP
536224;PECAS DE REPOSICAO / REPOSICAO AVP
536226;PECAS DE REPOSICAO / PED: 48769
536231;PECAS DE REPOSICAO / PED: 48771
536247;APAZIN - QUEBRA LOMBO RAIZEN
536249;APAZIN - QUEBRA LOMBO RAIZEN
536250;APAZIN - QUEBRA LOMBO RAIZEN
536269;6 >> 100 PECAS DE REPOSICAO / REPOSICAO AVP
536350;PECAS DE REPOSICAO / PED: 48769
536424;PECAS DE REPOSICAO / PED: 48782 / COR: VERDE JD
536425;PECAS DE REPOSICAO / PED: 48782 / COR: VERDE JD
536427;PECAS DE REPOSICAO / PED: 48782 / COR: VERDE JD
536428;PECAS DE REPOSICAO / PED: 48782 
536429;PECAS DE REPOSICAO / PED: 48786 / COR: VERDE JD
536430;PECAS DE REPOSICAO / PED: 48786 / COR: VERDE JD
536431;PECAS DE REPOSICAO / PED: 48788 / COR: VERDE JD
536432;PECAS DE REPOSICAO / PED: 48788 / COR: VERDE JD
536433;PECAS DE REPOSICAO / PED: 48788 / COR: VERDE JD
536436;PECAS DE REPOSICAO / PED: 48788 / COR: VERDE JD
536445;PECAS DE REPOSICAO / PED: 48792
536492;FSANTOS - GNFA56 C/PPI - 22/05/2023
536493;6 >> 100 - FSANTOS - GNFA56 C/PPI - 22/05/2023
536499;PECAS DE REPOSICAO / PED:48789
536507;PECAS DE REPOSICAO / PED:48789
536509;PECAS DE REPOSICAO / PED:48782 e 48788 / COR: VERDE JD
536543;PECAS DE REPOSICAO / PED:48782 
536552;PECAS DE REPOSICAO / PED:48792 
536554;PECAS DE REPOSICAO / PED:48792 
536559;ABERETELLA
536560;ABERETELLA
536561;ABERETELLA
536562;ABERETELLA
536563;MARIO
536587;ABERETELLA
536588;ABERETELLA
536590;PECAS DE REPOSICAO
536592;PECAS DE REPOSICAO
536593;PECAS DE REPOSICAO
536594;PECAS DE REPOSICAO
536595;PECAS DE REPOSICAO
536596;PECAS DE REPOSICAO
536616;PECAS DE REPOSICAO
536639;AJUSTE ESTQ
536684;"PECAS DE REPOSICAO / PED: 48815 / COR: VERDE JD
"
536714;PECAS DE REPOSICAO
536717;PECAS DE REPOSICAO
536726;PECAS DE REPOSICAO
536728;2 >> 50 PECAS DE REPOSICAO
536737;PECAS DE REPOSICAO / SOLICITADAS POR MARCOS ROMANO
536746;ABERETELLA
536825;PECAS DE REPOSICAO / PED: 48792
536827;PECAS DE REPOSICAO / PED: 48792
536828;PECAS DE REPOSICAO / PED: 48792
536829;PECAS DE REPOSICAO / PED: 48792
536830;PECAS DE REPOSICAO / PED: 48792
536831;PECAS DE REPOSICAO / PED: 48792
536840;PECAS DE REPOSICAO / PED: 48862 / COR: VERDE JD
536842;PECAS DE REPOSICAO / PED: 48868
536844;PECAS DE REPOSICAO / PED: 48868
536851;PECAS DE REPOSICAO / PED: 48862 / COR: VERDE JD
536853;PECAS DE REPOSICAO / PED: 48862 / COR: VERDE JD
536854;PECAS DE REPOSICAO / PED: 48862 / COR: VERDE JD
536855;PECAS DE REPOSICAO / PED: 48862 / COR: VERDE JD
536868;LBISPO - AVL
536869;LBISPO - AVL
536870;LBISPO - AVL
536872;LBISPO - AVL
536873;LBISPO - AVL
536875;LBISPO - AVL
536876; PECAS DE REPOSICAO / CLIENTE: MARIO LEMOS (SOLICITADO POR MARCOS ROMANO)
536877; PECAS DE REPOSICAO / CLIENTE: MARIO LEMOS (SOLICITADO POR MARCOS ROMANO)
536886; PECAS DE REPOSICAO / CLIENTE: MARIO LEMOS (SOLICITADO POR MARCOS ROMANO)
536887; PECAS DE REPOSICAO / CLIENTE: MARIO LEMOS (SOLICITADO POR MARCOS ROMANO)
536913; PECAS DE REPOSICAO / CLIENTE: MARIO LEMOS (SOLICITADO POR MARCOS ROMANO)
536914; PECAS DE REPOSICAO / CLIENTE: MARIO LEMOS (SOLICITADO POR MARCOS ROMANO)
536915; PECAS DE REPOSICAO / CLIENTE: MARIO LEMOS (SOLICITADO POR MARCOS ROMANO)
536916; PECAS DE REPOSICAO / CLIENTE: MARIO LEMOS (SOLICITADO POR MARCOS ROMANO)
536943; PECAS DE REPOSICAO / CLIENTE: MARIO LEMOS (SOLICITADO POR MARCOS ROMANO)
536944; PECAS DE REPOSICAO / CLIENTE: MARIO LEMOS (SOLICITADO POR MARCOS ROMANO)
536946; PECAS DE REPOSICAO / CLIENTE: MARIO LEMOS (SOLICITADO POR MARCOS ROMANO)
536947; PECAS DE REPOSICAO / CLIENTE: MARIO LEMOS (SOLICITADO POR MARCOS ROMANO)
536949; PECAS DE REPOSICAO / CLIENTE: MARIO LEMOS (SOLICITADO POR MARCOS ROMANO)
536950; PECAS DE REPOSICAO / CLIENTE: MARIO LEMOS (SOLICITADO POR MARCOS ROMANO)
536953; PECAS DE REPOSICAO / CLIENTE: MARIO LEMOS (SOLICITADO POR MARCOS ROMANO)
536954; PECAS DE REPOSICAO / CLIENTE: MARIO LEMOS (SOLICITADO POR MARCOS ROMANO)
536956; PECAS DE REPOSICAO / CLIENTE: MARIO LEMOS (SOLICITADO POR MARCOS ROMANO)
536957; PECAS DE REPOSICAO / CLIENTE: MARIO LEMOS (SOLICITADO POR MARCOS ROMANO)
536960; PECAS DE REPOSICAO / CLIENTE: MARIO LEMOS (SOLICITADO POR MARCOS ROMANO)
536962; PECAS DE REPOSICAO / CLIENTE: MARIO LEMOS (SOLICITADO POR MARCOS ROMANO)
536963; PECAS DE REPOSICAO / CLIENTE: MARIO LEMOS (SOLICITADO POR MARCOS ROMANO)
536964; PECAS DE REPOSICAO / CLIENTE: MARIO LEMOS (SOLICITADO POR MARCOS ROMANO)
536967; PECAS DE REPOSICAO / CLIENTE: MARIO LEMOS (SOLICITADO POR MARCOS ROMANO)
536968; PECAS DE REPOSICAO / CLIENTE: MARIO LEMOS (SOLICITADO POR MARCOS ROMANO)
536969; PECAS DE REPOSICAO / CLIENTE: MARIO LEMOS (SOLICITADO POR MARCOS ROMANO)
536970; PECAS DE REPOSICAO / CLIENTE: MARIO LEMOS (SOLICITADO POR MARCOS ROMANO)
536975; PECAS DE REPOSICAO / CLIENTE: MARIO LEMOS (SOLICITADO POR MARCOS ROMANO)
536976; PECAS DE REPOSICAO / CLIENTE: MARIO LEMOS (SOLICITADO POR MARCOS ROMANO)
536978; PECAS DE REPOSICAO / CLIENTE: MARIO LEMOS (SOLICITADO POR MARCOS ROMANO)
536979; PECAS DE REPOSICAO / CLIENTE: MARIO LEMOS (SOLICITADO POR MARCOS ROMANO)
536980; PECAS DE REPOSICAO / CLIENTE: MARIO LEMOS (SOLICITADO POR MARCOS ROMANO)
537007;AJUSTE ESTQ
537016;CVICENTE - SULCADORES MODIFICADOS
537017;CVICENTE - SULCADORES MODIFICADOS
537020;CVICENTE - SULCADORES MODIFICADOS
537021;CVICENTE - SULCADORES MODIFICADOS
537022;CVICENTE - SULCADORES MODIFICADOS
537023;CVICENTE - SULCADORES MODIFICADOS
537024;CVICENTE - SULCADORES MODIFICADOS
537078;CVICENTE - SULCADORES MODIFICADOS
537079;CVICENTE - SULCADORES MODIFICADOS
537080;CVICENTE - SULCADORES MODIFICADOS
537091;CVICENTE - SULCADORES MODIFICADOS
537092;CVICENTE - SULCADORES MODIFICADOS
537093;CVICENTE - SULCADORES MODIFICADOS
537094;CVICENTE - SULCADORES MODIFICADOS
537095;CVICENTE - SULCADORES MODIFICADOS
537096;CVICENTE - SULCADORES MODIFICADOS
537097;CVICENTE - SULCADORES MODIFICADOS
537098;CVICENTE - SULCADORES MODIFICADOS
537099;CVICENTE - SULCADORES MODIFICADOS
537100;CVICENTE - SULCADORES MODIFICADOS
537101;CVICENTE - SULCADORES MODIFICADOS
537102;CVICENTE - SULCADORES MODIFICADOS
537103;CVICENTE - SULCADORES MODIFICADOS
537105;CVICENTE - SULCADORES MODIFICADOS
537107;CVICENTE - SULCADORES MODIFICADOS
537108;CVICENTE - SULCADORES MODIFICADOS
537109;CVICENTE - SULCADORES MODIFICADOS
537111;CVICENTE - SULCADORES MODIFICADOS
537112;CVICENTE - SULCADORES MODIFICADOS
537113;CVICENTE - SULCADORES MODIFICADOS
537114;CVICENTE - SULCADORES MODIFICADOS
537115;CVICENTE - SULCADORES MODIFICADOS
537116;CVICENTE - SULCADORES MODIFICADOS
537117;CVICENTE - SULCADORES MODIFICADOS
537118;CVICENTE - SULCADORES MODIFICADOS
537119;CVICENTE - SULCADORES MODIFICADOS
537120;CVICENTE - SULCADORES MODIFICADOS
537121;CVICENTE - SULCADORES MODIFICADOS
537126;GABRIEL
537169;PECAS DE REPOSICAO / PED: 48891
537170;PECAS DE REPOSICAO / PED: 48891
537173;PECAS DE REPOSICAO / PED: 48892
537195;PECAS DE REPOSICAO / PED: 48891
537204;PECAS DE REPOSICAO / PED: 48902
537214;PECAS DE REPOSICAO / PED: 48902
537227;ABERETELLA - GRADE
537260;
537261;
537268;PECAS DE REPOSICAO / PED: 48918 e 48927
537270;PECAS DE REPOSICAO / PED: 48918 e 48929
537271;PECAS DE REPOSICAO / PED: 48918, 48930 e 48939
537276;PECAS DE REPOSICAO / PED: 48939
537277;PECAS DE REPOSICAO / PED: 48944
537278;PECAS DE REPOSICAO / PED: 48944
537280;PECAS DE REPOSICAO / PED: 48972 / STATUS: PRIORIDADE
537283;PECAS DE REPOSICAO / PED: 48955
537284;PECAS DE REPOSICAO / PED: 48957
537285;PECAS DE REPOSICAO / PED: 48973
537286;PECAS DE REPOSICAO / PED: 48974 / COR: CINZA PANTONE
537296;PECAS DE REPOSICAO / PED: 48957
537297;PECAS DE REPOSICAO / PED: 48957
537303;PECAS DE REPOSICAO / PED: 48957
537304;PECAS DE REPOSICAO / PED: 48957
537307;PECAS DE REPOSICAO / PED: 48957
537310;PECAS DE REPOSICAO / PED: 48957
537311;PECAS DE REPOSICAO / PED: 48957
537312;PECAS DE REPOSICAO / PED: 48957
537313;PECAS DE REPOSICAO / PED: 48946
537318;PECAS DE REPOSICAO / PED: 48946
537319;PECAS DE REPOSICAO / PED: 48944
537320;PECAS DE REPOSICAO / PED: 48944
537328;10 >> 500 PECAS DE REPOSICAO / PED: 48939
537330;PECAS DE REPOSICAO / PED: 48933
537347;PECAS DE REPOSICAO / PED: 48918, 48928 e 48927
537355;PECAS DE REPOSICAO / PED: 48955
537366;PECAS DE REPOSICAO / PED: 48955
537367;PECAS DE REPOSICAO / PED: 48955
537370;PECAS DE REPOSICAO / PED: 48955
537377;PECAS DE REPOSICAO / PED: 48955
537400;JOAO ARAUJO
537401;JOAO ARAUJO
537402;JOAO ARAUJO
537403;JOAO ARAUJO
537404;JOAO ARAUJO
537405;JOAO ARAUJO
537406;JOAO ARAUJO
537407;JOAO ARAUJO
537420;ABERETELLA - ATA 2
537427;PECAS DE REPOSICAO / PED: 48449
537429;PECAS DE REPOSICAO / PED: 48449
537430;PECAS DE REPOSICAO / PED: 48449
537438;JOAO ARAUJO
537439;JOAO ARAUJO
537440;JOAO ARAUJO
537443;SPAGANINE - PECA REPOSICAO PED: 48868 - OP: 536841
537444;SPAGANINE - PECA REPOSICAO PED: 48868 - OP: 536841
537492;LBISPO - PECA REPOSICAO AVL 35000
537493;LBISPO - PECA REPOSICAO AVL 35000
537494;LBISPO - PECA REPOSICAO AVL 35000
537495;LBISPO - PECA REPOSICAO AVL 35000
537496;LBISPO - PECA REPOSICAO AVL 35000
537497;LBISPO - PECA REPOSICAO AVL 35000
537498;LBISPO - PECA REPOSICAO AVL 35000
537499;LBISPO - PECA REPOSICAO AVL 35000
537500;LBISPO - PECA REPOSICAO AVL 35000
537501;LBISPO - PECA REPOSICAO AVL 35000
537505;ABERETELLA - ATA2
537506;PECAS DE REPOSICAO / PED: 49027
537508;PECAS DE REPOSICAO / PED: 49045
537510;PECAS DE REPOSICAO / PED: 49049
537532;48 >> 250 PECAS DE REPOSICAO / PED: 49049
537543;JOAO ARAUJO
537544;JOAO ARAUJO
537555;JOAO ARAUJO
537563;JOAO ARAUJO
537564;JOAO ARAUJO
537565;JOAO ARAUJO
537566;JOAO ARAUJO
537567;JOAO ARAUJO
537568;JOAO ARAUJO
537569;JOAO ARAUJO
537570;JOAO ARAUJO
537581;JOAO ARAUJO
537583;Estoque PeCas ReposiCAo - AVL
537584;Estoque PeCas ReposiCAo - AVL
537585;Estoque PeCas ReposiCAo - AVL
537586;Estoque PeCas ReposiCAo - AVL
537587;Estoque PeCas ReposiCAo - AVL
537588;Estoque PeCas ReposiCAo - AVL
537589;Estoque PeCas ReposiCAo - AVL
537590;Estoque PeCas ReposiCAo - AVL
537591;Estoque PeCas ReposiCAo - AVL
537592;Estoque PeCas ReposiCAo - AVL
537593;Estoque PeCas ReposiCAo - AVL
537596;Estoque PeCas ReposiCAo - AVL
537598;Estoque PeCas ReposiCAo - AVL
537599;Estoque PeCas ReposiCAo - AVL
537600;Estoque PeCas ReposiCAo - AVL
537602;Estoque PeCas ReposiCAo - AVL
537603;Estoque PeCas ReposiCAo - AVL
537604;Estoque PeCas ReposiCAo - AVL
537605;Estoque PeCas ReposiCAo - AVL
537606;Estoque PeCas ReposiCAo - AVL
537609;Estoque PeCas ReposiCAo - AVL
537610;Estoque PeCas ReposiCAo - AVL
537611;Estoque PeCas ReposiCAo - AVL
537612;Estoque PeCas ReposiCAo - AVL
537613;Estoque PeCas ReposiCAo - AVL
537614;Estoque PeCas ReposiCAo - AVL
537615;Estoque PeCas ReposiCAo - AVL
537616;Estoque PeCas ReposiCAo - AVL
537617;Estoque PeCas ReposiCAo - AVL
537618;Estoque PeCas ReposiCAo - AVL
537623;537.622
537624;PAGANINE
537676;PECAS DE REPOSICAO / ESTOQUE
537678;PECAS DE REPOSICAO / PED:49042
537679;PECAS DE REPOSICAO / PED:49042
537682;PECAS DE REPOSICAO / PED:49042
537683;PECAS DE REPOSICAO / PED:49042
537685;PECAS DE REPOSICAO / PED:49059
537686;PECAS DE REPOSICAO / PED:49059
537689;PECAS DE REPOSICAO / PED:49059
537691;PECAS DE REPOSICAO / PED:49080
537692;PECAS DE REPOSICAO / ESTOQUE
537694;PECAS DE REPOSICAO / PED:49042
537701;PECAS DE REPOSICAO / PED:49059
537702;PECAS DE REPOSICAO / PED:49059
537703;PECAS DE REPOSICAO / PED:49059
537708;PECAS DE REPOSICAO / PED:49059
537709;PECAS DE REPOSICAO / PED:49059
537717;PECAS DE REPOSICAO / PED:49080
537719;PECAS DE REPOSICAO / PED:49080
537722;PECAS DE REPOSICAO / PED:49080
537724;PECAS DE REPOSICAO / PED:49080
537780;MTROVATTI - GNFA56 C/PPI - 22/05/2023
537886;MTROVATTI - GNFA56 C/PPI - 22/05/2023
537889;MTROVATTI - GNFA56 C/PPI - 22/05/2023
537901;PECA DE REPOSICAO / PED: 49096
537923;SPAGANINE
537937;CVICENTE - GRADE PPI
537938;CVICENTE - GRADE PPI
537939;CVICENTE - GRADE PPI
537960;PECA DE REPOSICAO
537961;PECA DE REPOSICAO
537962;PECA DE REPOSICAO / PEDIDO: 49132
537963;PECA DE REPOSICAO
537964;PECA DE REPOSICAO
537986;MARIO
537987;MARIO
538001;
538012;PECAS DE REPOSICAO / CLIENTE: MERCADAO TRATORES
538013;PECAS DE REPOSICAO / CLIENTE: MERCADAO TRATORES
538014;PECAS DE REPOSICAO / CLIENTE: MERCADAO TRATORES
538015;PECAS DE REPOSICAO / CLIENTE: MERCADAO TRATORES
538016;PECAS DE REPOSICAO / CLIENTE: MERCADAO TRATORES
538017;PECAS DE REPOSICAO / CLIENTE: MERCADAO TRATORES
538018;PECAS DE REPOSICAO / CLIENTE: MERCADAO TRATORES
538019;PECAS DE REPOSICAO / CLIENTE: MERCADAO TRATORES
538021;PECAS DE REPOSICAO / CLIENTE: MERCADAO TRATORES
538023;PECAS DE REPOSICAO / CLIENTE: MERCADAO TRATORES
538024;PECAS DE REPOSICAO / CLIENTE: MERCADAO TRATORES
538026;PECAS DE REPOSICAO / CLIENTE: MERCADAO TRATORES
538027;PECAS DE REPOSICAO / CLIENTE: MERCADAO TRATORES
538028;PECAS DE REPOSICAO / CLIENTE: MERCADAO TRATORES
538029;PECAS DE REPOSICAO / CLIENTE: MERCADAO TRATORES
538030;PECAS DE REPOSICAO / CLIENTE: MERCADAO TRATORES
538031;PECAS DE REPOSICAO / CLIENTE: MERCADAO TRATORES
538033;PECAS DE REPOSICAO / CLIENTE: MERCADAO TRATORES
538034;PECAS DE REPOSICAO / CLIENTE: MERCADAO TRATORES
538035;PECAS DE REPOSICAO / CLIENTE: MERCADAO TRATORES
538036;PECAS DE REPOSICAO / CLIENTE: MERCADAO TRATORES
538037;PECAS DE REPOSICAO / CLIENTE: MERCADAO TRATORES
538038;PECAS DE REPOSICAO / CLIENTE: MERCADAO TRATORES
538039;PECAS DE REPOSICAO / CLIENTE: MERCADAO TRATORES
538040;PECAS DE REPOSICAO / CLIENTE: MERCADAO TRATORES
538041;PECAS DE REPOSICAO / CLIENTE: MERCADAO TRATORES
538042;PECAS DE REPOSICAO / CLIENTE: MERCADAO TRATORES
538043;PECAS DE REPOSICAO / CLIENTE: MERCADAO TRATORES
538044;PECAS DE REPOSICAO / CLIENTE: MERCADAO TRATORES
538045;PECAS DE REPOSICAO / CLIENTE: MERCADAO TRATORES
538046;PECAS DE REPOSICAO / CLIENTE: MERCADAO TRATORES
538047;PECAS DE REPOSICAO / CLIENTE: MERCADAO TRATORES
538048;PECAS DE REPOSICAO / CLIENTE: MERCADAO TRATORES
538049;PECAS DE REPOSICAO / CLIENTE: MERCADAO TRATORES
538050;PECAS DE REPOSICAO / CLIENTE: MERCADAO TRATORES
538051;PECAS DE REPOSICAO / CLIENTE: MERCADAO TRATORES
538052;PECAS DE REPOSICAO / CLIENTE: MERCADAO TRATORES
538053;PECAS DE REPOSICAO / CLIENTE: MERCADAO TRATORES
538054;PECAS DE REPOSICAO / CLIENTE: MERCADAO TRATORES
538055;PECAS DE REPOSICAO / CLIENTE: MERCADAO TRATORES
538056;PECAS DE REPOSICAO / CLIENTE: MERCADAO TRATORES
538057;MARIO
538059;MARIO
538066;PECAS DE REPOSICAO / GARANTIA / CLIENTE: COLOMBO
538067;PECAS DE REPOSICAO / GARANTIA / CLIENTE: COLOMBO
538068;PECAS DE REPOSICAO / GARANTIA / CLIENTE: COLOMBO
538069;PECAS DE REPOSICAO / GARANTIA / CLIENTE: COLOMBO
538079;PECAS DE REPOSICAO / GARANTIA / CLIENTE: COLOMBO
538080;PECAS DE REPOSICAO / GARANTIA / CLIENTE: COLOMBO
538081;PECAS DE REPOSICAO / GARANTIA / CLIENTE: COLOMBO
538088;"PECAS DE REPOSICAO / GARANTIA / CLIENTE: COLOMBO
"
538089;PECAS DE REPOSICAO / GARANTIA / CLIENTE: COLOMBO
538100;PECAS DE REPOSICAO / GARANTIA / CLIENTE: COLOMBO
538104;PECAS DE REPOSICAO / PED: 49060
538105;PECAS DE REPOSICAO / PED: 49060
538106;PECAS DE REPOSICAO / PED: 49060
538116;
538117;
538126;
538131;PECAS DE REPOSICAO / PED: 49176
538132;PECAS DE REPOSICAO / PED: 49178
538133;PECAS DE REPOSICAO / PED: 49181
538134;PECAS DE REPOSICAO / PED: 49176
538143;PROTOTIPO
538147;MARIO
538151;ZAMBELLI 
538152;
538162;MARIO
538169;PECAS DE REPOSICAO / PED: 49200
538170;PECAS DE REPOSICAO / PED: 49200
538171;PECAS DE REPOSICAO / PED: 49200
538172;PECAS DE REPOSICAO / PED: 49205
538173;PECAS DE REPOSICAO / PED: 49205
538174;PECAS DE REPOSICAO / PED: 49172
538175;PECAS DE REPOSICAO / PED: 49209
538176;PECAS DE REPOSICAO / PED: 49211
538177;PECAS DE REPOSICAO / PED: 49211
538179;PECAS DE REPOSICAO / PED: 49196
538183;PECAS DE REPOSICAO / PED: 49200
538184;PECAS DE REPOSICAO / PED: 49200
538185;PECAS DE REPOSICAO / PED: 49200
538187;PECAS DE REPOSICAO / PED: 49205
538189;2 >> 10 PECAS DE REPOSICAO / PED: 49205
538190;PECAS DE REPOSICAO / PED: 49211
538191;PECAS DE REPOSICAO / PED: 49211
538196;PECAS DA FABRICA 2 
538197;
538198;
538199;
538201;ABERETELLA
538202;ABERETELLA
538203;ABERETELLA
538204;ABERETELLA
538205;ABERETELLA
538207;ABERETELLA
538208;ABERETELLA
538209;ABERETELLA
538210;ABERETELLA
538211;ABERETELLA
538212;ABERETELLA
538213;ABERETELLA
538214;ABERETELLA
538216;
538217;
538218;
538219;
538220;
538221;
538222;
538223;
538225;ABERETELLA - FABRICA 2
538226;
538227;
538228;
538229;MARIO
538230;BERETELLA
538231;BERETELLA
538232;BERETELLA
538235;ABERETELLA 
538236;GABRIEL
538240;MARIO
538241;MARIO
538242;MARIO
538243;MARIO
538245;GABRIEL
538246;GABRIEL
538247;GABRIEL
538248;GABRIEL
538249;ZAMBELLI
538250;ZAMBELLI
538253;MARIO
538254;FABRICA 2 - ABERETELLA
538255;
538256;
538257;
538258;
538260;"INDUSTRIALIZACAO (ZINCAGEM)
REFERENTE AO CODIGO 7.25.106
PESO: 10 KG"
538261;PECAS DE REPOSICAO / PED: 49241 e 49242
538262;PECAS DE REPOSICAO / PED: 49241
538263;PECAS DE REPOSICAO / PED: 49241
538264;PECAS DE REPOSICAO / PED: 49241
538265;PECAS DE REPOSICAO / PED: 49241
538266;PECAS DE REPOSICAO / PED: 49241
538267;PECAS DE REPOSICAO / PED: 49246
538268;PECAS DE REPOSICAO / PED: 49246
538269;PECAS DE REPOSICAO / PED: 49241
538270;PECAS DE REPOSICAO / PED: 49241
538271;PECAS DE REPOSICAO / PED: 49241
538272;PECAS DE REPOSICAO / PED: 49241
538273;PECAS DE REPOSICAO / PED: 49241
538274;PECAS DE REPOSICAO / PED: 49241
538275;PECAS DE REPOSICAO / PED: 49241
538276;PECAS DE REPOSICAO / PED: 49241
538277;PECAS DE REPOSICAO / PED: 49241
538278;PECAS DE REPOSICAO / PED: 49241
538279;PECAS DE REPOSICAO / PED: 49241
538280;PECAS DE REPOSICAO / PED: 49241
538281;PECAS DE REPOSICAO / PED: 49246
538282;PECAS DE REPOSICAO / PED: 49246
538283;PECAS DE REPOSICAO / PED: 49246
538284;PECAS DE REPOSICAO / PED: 49246
538285;PECAS DE REPOSICAO / PED: 49246
538286;PECAS DE REPOSICAO / PED: 49241 e 49242
538287;PECAS DE REPOSICAO / PED: 49241 e 49242
538288;PECAS DE REPOSICAO / PED: 49241 e 49242
538289;PECAS DE REPOSICAO / PED: 49241 e 49242
538290;PECAS DE REPOSICAO / PED: 49241 e 49242
538291;PECAS DE REPOSICAO / PED: 49241 e 49242
538292;PECAS DE REPOSICAO / PED: 49241 e 49242
538293;PECAS DE REPOSICAO / PED: 49241 e 49242
538294;PECAS DE REPOSICAO / PED: 49241 e 49242
538295;PECAS DE REPOSICAO / PED: 49241 e 49242
538296;PECAS DE REPOSICAO / PED: 49241 e 49242
538297;PECAS DE REPOSICAO / PED: 49241 e 49242
538298;PECAS DE REPOSICAO / PED: 49241 e 49242
538299;PECAS DE REPOSICAO / PED: 49241 e 49242
538300;ATA 12000
538301;ATA 12000
538305;ZAMBELLI - APROVEITAMENTO
538306;PECAS DE REPOSICAO / PED: 49222
538307;PECAS DE REPOSICAO / PED: 49222
538308;PECAS DE REPOSICAO / PED: 49222
538310;PECAS DE REPOSICAO / PED: 49255
538312;PECAS DE REPOSICAO / PED: 49258
538314;PECAS DE REPOSICAO / PED: 49259
538315;PECAS DE REPOSICAO / PED: 49222
538316;PECAS DE REPOSICAO / PED: 49222
538317;PECAS DE REPOSICAO / PED: 49222
538318;PECAS DE REPOSICAO / PED: 49222
538319;PECAS DE REPOSICAO / PED: 49222
538320;PECAS DE REPOSICAO / PED: 49222
538321;PECAS DE REPOSICAO / PED: 49222
538322;PECAS DE REPOSICAO / PED: 49222
538323;PECAS DE REPOSICAO / PED: 49222
538324;PECAS DE REPOSICAO / PED: 49222
538325;PECAS DE REPOSICAO / PED: 49222
538326;PECAS DE REPOSICAO / PED: 49222
538327;PECAS DE REPOSICAO / PED: 49222
538328;PECAS DE REPOSICAO / PED: 49222
538329;PECAS DE REPOSICAO / PED: 49222
538330;PECAS DE REPOSICAO / PED: 49222
538331;PECAS DE REPOSICAO / PED: 49222
538332;PECAS DE REPOSICAO / PED: 49222
538333;PECAS DE REPOSICAO / PED: 49222
538334;PECAS DE REPOSICAO / PED: 49222
538335;PECAS DE REPOSICAO / PED: 49222
538338;PECAS DE REPOSICAO / PED: 49228
538342;PECAS DE REPOSICAO / PED: 49258
538343;PECAS DE REPOSICAO / PED: 49258
538344;PECAS DE REPOSICAO / PED: 49259
538345;PECAS DE REPOSICAO / PED: 49259
538346;PECAS DE REPOSICAO / PED: 49259
538347;PECAS DE REPOSICAO / PED: 49259
538348;PECAS DE REPOSICAO / PED: 49259
538349;PECAS DE REPOSICAO / PED: 49259
538350;PECAS DE REPOSICAO / PED: 49259
538351;PECAS DE REPOSICAO / PED: 49259
538352;PECAS DE REPOSICAO / PED: 49259
538353;PECAS DE REPOSICAO / PED: 49259
538354;PECAS DE REPOSICAO / PED: 49259
538355;PECAS DE REPOSICAO / PED: 49259
538356;PECAS DE REPOSICAO / PED: 49259
538357;PECAS DE REPOSICAO / PED: 49259
538358;PECAS DE REPOSICAO / PED: 49259
538359;PECAS DE REPOSICAO / PED: 49259
538360;PECAS DE REPOSICAO / PED: 49259
538361;PECAS DE REPOSICAO / PED: 49259
538362;PECAS DE REPOSICAO / PED: 49259
538363;PECAS DE REPOSICAO / PED: 49259
538364;PECAS DE REPOSICAO / PED: 49259
538365;PECAS DE REPOSICAO / PED: 49259
538366;PC: VICTOR.MENDONCA
538367;PC: VICTOR.MENDONCA
538368;PC: VICTOR.MENDONCA
538373;PC: VICTOR.MENDONCA
538374;PC: VICTOR.MENDONCA
538375;PC: VICTOR.MENDONCA
538376;MARIO
538377;MARIO
538379;ABERETELLA
538380;GABRIEL
538381;GABRIEL
538382;GABRIEL
538383;GABRIEL
538384;MARIO
538385;MARIO
538388;"INDUSTRIALIZACAO (ZINCAGEM)
PESO: 10 KG"
538390;MARIO
538391;MARIO
538392;PC: VICTOR.MENDONCA
538393;PC: VICTOR.MENDONCA
538394;PC: VICTOR.MENDONCA
538395;PC: VICTOR.MENDONCA
538396;PC: VICTOR.MENDONCA
538397;PC: VICTOR.MENDONCA
538398;PC: VICTOR.MENDONCA
538399;PC: VICTOR.MENDONCA
538400;PC: VICTOR.MENDONCA
538401;PC: VICTOR.MENDONCA
538402;PC: VICTOR.MENDONCA
538403;PC: VICTOR.MENDONCA
538404;PC: VICTOR.MENDONCA
538405;PC: VICTOR.MENDONCA
538406;PC: VICTOR.MENDONCA
538407;PC: VICTOR.MENDONCA
538408;PC: VICTOR.MENDONCA
538409;PC: VICTOR.MENDONCA
538410;PC: VICTOR.MENDONCA
538411;PC: VICTOR.MENDONCA
538412;
538413;
538414;GABRIEL
538415;
538416;
538418;GABRIEL
538420;GABRIEL
538421;GABRIEL
538422;GABRIEL
538424;GABRIEL
538425;GABRIEL
538426;ABERETELLA - FABRICA 2 
538427;ZAMBELLI - APROVEITAMENTO MATERIA PRIMA
538428;ZAMBELLI - APROVEITAMENTO MATERIA PRIMA
538429;ZAMBELLI - APROVEITAMENTO MATERIA PRIMA
538430;ZAMBELLI - APROVEITAMENTO MATERIA PRIMA
538431;ZAMBELLI - APROVEITAMENTO MATERIA PRIMA
538432;ZAMBELLI - APROVEITAMENTO MATERIA PRIMA
538433;ZAMBELLI - APROVEITAMENTO MATERIA PRIMA
538434;ZAMBELLI - APROVEITAMENTO MATERIA PRIMA
538435;APROVEITAMENTO MATERIA PRIMA
538436;APROVEITAMENTO MATERIA PRIMA
538437;APROVEITAMENTO MATERIA PRIMA
538438;APROVEITAMENTO MATERIA PRIMA
538439;APROVEITAMENTO MATERIA PRIMA
538440;ABERETELLA
538441;ABERETELLA
538442;ABERETELLA
538443;ABERETELLA
538444;ZAMBELLI - CORRIGIR PARES
538445;ZAMBELLI - CORRIGIR PARES
538446;ZAMBELLI - CORRIGIR PARES
538447;GABRIEL
538448;GABRIEL
538449;GABRIEL
538452;GABRIEL
538457;MARIO
538458;
538459;
538460;
538461;
538462;
538463;
538464;
538465;
538466;
538467;ABERETELLA - FABRICA 2 
538468;ABERETELLA - FABRICA 2 
538469;
538486;
538487;PECAS DE REPOSICAO / PED: 49270, 49272, 49281 e 49295
538488;PECAS DE REPOSICAO / PED: 49270, 49272, 49281 e 49295
538489;PECAS DE REPOSICAO / PED: 49270, 49272, 49281, 49295 e 49310
538490;PECAS DE REPOSICAO / PED: 49270, 49272, 49281, 49295 e 49310
538492;PECAS DE REPOSICAO / PED: 49270, 49272, 49281, 49295 e 49310
538493;PECAS DE REPOSICAO / PED: 49270, 49272, 49281, 49295 e 49310
538494;PECAS DE REPOSICAO / PED: 49270, 49272, 49281, 49295 e 49310
538495;PECAS DE REPOSICAO / PED: 49270, 49272, 49281, 49295 e 49310
538496;PECAS DE REPOSICAO / PED: 49270, 49272, 49281 e 49295
538497;PECAS DE REPOSICAO / PED: 49270, 49272, 49281 e 49295
538498;PECAS DE REPOSICAO / PED: 49270, 49272, 49281 e 49295
538499;PECAS DE REPOSICAO / PED: 49270, 49272, 49281, 49295 e 49310
538500;PECAS DE REPOSICAO / PED: 49270, 49272, 49281, 49295 e 49310
538501;PECAS DE REPOSICAO / PED: 49270, 49272, 49281 e 49295
538502;PECAS DE REPOSICAO / PED: 49270, 49272, 49281, 49295 e 49310
538503;PECAS DE REPOSICAO / PED: 49283
538504;PECAS DE REPOSICAO / ESTOQUE AVP
538505;PECAS DE REPOSICAO / ESTOQUE AVP
538506;PECAS DE REPOSICAO / ESTOQUE AVP, PED: 49306
538507;PECAS DE REPOSICAO / ESTOQUE AVP
538508;PECAS DE REPOSICAO / PED: 49307
538509;PECAS DE REPOSICAO / PED: 49307
538510;PECAS DE REPOSICAO / PED: 49307
538511;PECAS DE REPOSICAO / PED: 49307
538512;PECAS DE REPOSICAO / PED: 49307
538513;PECAS DE REPOSICAO / PED: 49307
538514;PECAS DE REPOSICAO / PED: 49307
538515;PECAS DE REPOSICAO / PED: 49310
538516;PECAS DE REPOSICAO / PED: 49310
538517;PECAS DE REPOSICAO / PED: 49310
538518;PECAS DE REPOSICAO / PED: 49310
538519;PECAS DE REPOSICAO / PED: 49324
538521;PECAS DE REPOSICAO / PED: 49324
538522;PECAS DE REPOSICAO / PED: 49324
538523;PECAS DE REPOSICAO / PED: 49324
538524;PECAS DE REPOSICAO / PED: 49324
538525;PECAS DE REPOSICAO / PED: 49330
538526;PECAS DE REPOSICAO / PED: 49331
538527;PECAS DE REPOSICAO / PED: 49331
538528;PECAS DE REPOSICAO / PED: 49331
538529;PECAS DE REPOSICAO / PED: 49331
538530;PECAS DE REPOSICAO / PED: 49331
538531;PECAS DE REPOSICAO / PED: 49331
538532;PECAS DE REPOSICAO / PED: 49331
538533;PECAS DE REPOSICAO / PED: 49331
538534;PECAS DE REPOSICAO / PED: 49331
538535;PECAS DE REPOSICAO / PED: 49331
538536;PECAS DE REPOSICAO / PED: 49331
538537;PECAS DE REPOSICAO / PED: 49331
538538;PECAS DE REPOSICAO / PED: 49331
538539;PECAS DE REPOSICAO / PED: 49331
538540;PECAS DE REPOSICAO / PED: 49331
538541;PECAS DE REPOSICAO / PED: 49331
538542;PECAS DE REPOSICAO / PED: 49331
538543;PECAS DE REPOSICAO / PED: 49331
538544;PECAS DE REPOSICAO / PED: 49331
538546;PECAS DE REPOSICAO / PED: 49333
538547;PECAS DE REPOSICAO / PED: 49334
538548;PECAS DE REPOSICAO / PED: 49335
538549;PECAS DE REPOSICAO / PED: 49336
538550;PECAS DE REPOSICAO / PED: 49337
538551;PECAS DE REPOSICAO / PED: 49338
538552;PECAS DE REPOSICAO / PED: 49339
538553;PECAS DE REPOSICAO / PED: 49332
538554;PECAS DE REPOSICAO / PED: 49332
538555;MARIO
538556;MARIO
538557;MARIO
538558;MARIO
538559;MARIO
538563;PECAS DE REPOSICAO
538565;PECAS DE REPOSICAO
538566;PECAS DE REPOSICAO
538567;PECAS DE REPOSICAO
538568;PECAS DE REPOSICAO
538570;PECAS DE REPOSICAO
538571;PECAS DE REPOSICAO
538572;PECAS DE REPOSICAO
538573;PECAS DE REPOSICAO
538574;PECAS DE REPOSICAO
538575;PECAS DE REPOSICAO
538578;PECAS DE REPOSICAO
538579;PECAS DE REPOSICAO
538580;PECAS DE REPOSICAO
538581;PECAS DE REPOSICAO
538582;PECAS DE REPOSICAO
538583;PECAS DE REPOSICAO
538584;PECAS DE REPOSICAO
538585;PECAS DE REPOSICAO
538586;PECAS DE REPOSICAO
538587;PECAS DE REPOSICAO
538589;PECAS DE REPOSICAO
538590;PECAS DE REPOSICAO
538591;PECAS DE REPOSICAO
538592;PECAS DE REPOSICAO
538594;PECAS DE REPOSICAO
538595;PECAS DE REPOSICAO
538596;PECAS DE REPOSICAO
538597;PECAS DE REPOSICAO
538598;PECAS DE REPOSICAO
538599;PECAS DE REPOSICAO
538600;2 >> 10 PECAS DE REPOSICAO
538602;PECAS DE REPOSICAO
538603;PECAS DE REPOSICAO
538604;PECAS DE REPOSICAO
538605;PECAS DE REPOSICAO
538606;PECAS DE REPOSICAO
538607;PECAS DE REPOSICAO
538608;PECAS DE REPOSICAO
538609;PECAS DE REPOSICAO
538610;PECAS DE REPOSICAO
538611;PECAS DE REPOSICAO
538612;PECAS DE REPOSICAO
538613;PECAS DE REPOSICAO
538614;PECAS DE REPOSICAO
538615;PECAS DE REPOSICAO
538616;PECAS DE REPOSICAO
538617;PECAS DE REPOSICAO
538618;PECAS DE REPOSICAO
538619;PECAS DE REPOSICAO
538620;PECAS DE REPOSICAO
538621;PECAS DE REPOSICAO
538622;PECAS DE REPOSICAO
538623;PECAS DE REPOSICAO
538624;PECAS DE REPOSICAO
538625;PECAS DE REPOSICAO
538626;PECAS DE REPOSICAO
538627;PECAS DE REPOSICAO
538628;PECAS DE REPOSICAO
538629;PECAS DE REPOSICAO
538630;PECAS DE REPOSICAO
538631;PECAS DE REPOSICAO
538632;PECAS DE REPOSICAO
538633;PECAS DE REPOSICAO
538634;PECAS DE REPOSICAO
538635;PECAS DE REPOSICAO
538636;PECAS DE REPOSICAO
538637;PECAS DE REPOSICAO
538638;PECAS DE REPOSICAO
538639;PECAS DE REPOSICAO
538640;PECAS DE REPOSICAO
538641;PECAS DE REPOSICAO
538642;PECAS DE REPOSICAO
538643;PECAS DE REPOSICAO
538644;PECAS DE REPOSICAO
538645;PECAS DE REPOSICAO
538646;PECAS DE REPOSICAO
538647;PECAS DE REPOSICAO
538648;PECAS DE REPOSICAO
538649;PECAS DE REPOSICAO
538651;PECAS DE REPOSICAO
538652;PECAS DE REPOSICAO
538653;PECAS DE REPOSICAO
538654;PECAS DE REPOSICAO
538655;PECAS DE REPOSICAO
538656;PECAS DE REPOSICAO
538657;PECAS DE REPOSICAO
538658;PECAS DE REPOSICAO
538659;PECAS DE REPOSICAO
538660;PECAS DE REPOSICAO
538661;PECAS DE REPOSICAO
538662;PECAS DE REPOSICAO
538663;PECAS DE REPOSICAO
538664;PECAS DE REPOSICAO
538665;PECAS DE REPOSICAO
538666;PECAS DE REPOSICAO
538667;PECAS DE REPOSICAO
538668;PECAS DE REPOSICAO
538669;PECAS DE REPOSICAO
538670;PECAS DE REPOSICAO
538671;PECAS DE REPOSICAO
538672;PECAS DE REPOSICAO
538673;PECAS DE REPOSICAO
538674;PECAS DE REPOSICAO
538675;PECAS DE REPOSICAO
538676;PECAS DE REPOSICAO
538677;PECAS DE REPOSICAO
538678;PECAS DE REPOSICAO
538679;PECAS DE REPOSICAO
538680;PECAS DE REPOSICAO
538681;PECAS DE REPOSICAO
538682;PECAS DE REPOSICAO
538683;PECAS DE REPOSICAO
538684;PECAS DE REPOSICAO
538685;PECAS DE REPOSICAO
538686;PECAS DE REPOSICAO
538687;PECAS DE REPOSICAO
538688;PECAS DE REPOSICAO
538689;PECAS DE REPOSICAO
538690;PECAS DE REPOSICAO
538692;PECAS DE REPOSICAO
538693;PECAS DE REPOSICAO
538694;PECAS DE REPOSICAO
538695;PECAS DE REPOSICAO
538696;PECAS DE REPOSICAO
538697;PECAS DE REPOSICAO
538698;PECAS DE REPOSICAO
538699;PECAS DE REPOSICAO
538700;PECAS DE REPOSICAO
538701;PECAS DE REPOSICAO
538703;PECAS DE REPOSICAO
538704;PECAS DE REPOSICAO
538705;PECAS DE REPOSICAO
538706;PECAS DE REPOSICAO
538707;PECAS DE REPOSICAO
538708;PECAS DE REPOSICAO
538709;PECAS DE REPOSICAO
538710;PECAS DE REPOSICAO
538711;PECAS DE REPOSICAO
538712;PECAS DE REPOSICAO
538713;PECAS DE REPOSICAO
538714;PECAS DE REPOSICAO
538715;PECAS DE REPOSICAO
538716;PECAS DE REPOSICAO
538717;PECAS DE REPOSICAO
538718;PECAS DE REPOSICAO
538719;PECAS DE REPOSICAO
538720;PECAS DE REPOSICAO
538721;PECAS DE REPOSICAO
538722;PECAS DE REPOSICAO
538723;PECAS DE REPOSICAO
538724;PECAS DE REPOSICAO
538725;PECAS DE REPOSICAO
538726;PECAS DE REPOSICAO
538727;PECAS DE REPOSICAO
538728;PECAS DE REPOSICAO
538729;PECAS DE REPOSICAO
538730;PECAS DE REPOSICAO
538731;PECAS DE REPOSICAO
538732;PECAS DE REPOSICAO
538733;PECAS DE REPOSICAO
538734;PECAS DE REPOSICAO
538735;PECAS DE REPOSICAO
538736;PECAS DE REPOSICAO
538737;PECAS DE REPOSICAO
538738;PECAS DE REPOSICAO
538739;PECAS DE REPOSICAO
538740;PECAS DE REPOSICAO
538741;PECAS DE REPOSICAO
538742;PECAS DE REPOSICAO
538743;PECAS DE REPOSICAO
538744;PECAS DE REPOSICAO
538745;PECAS DE REPOSICAO
538746;PECAS DE REPOSICAO
538747;PECAS DE REPOSICAO
538748;PECAS DE REPOSICAO
538749;PECAS DE REPOSICAO
538750;PECAS DE REPOSICAO
538751;PECAS DE REPOSICAO
538752;PECAS DE REPOSICAO
538753;PECAS DE REPOSICAO
538754;PECAS DE REPOSICAO
538755;PECAS DE REPOSICAO
538756;PECAS DE REPOSICAO
538757;PECAS DE REPOSICAO
538758;PECAS DE REPOSICAO
538759;PECAS DE REPOSICAO
538760;PECAS DE REPOSICAO
538761;PECAS DE REPOSICAO
538762;PECAS DE REPOSICAO
538763;PECAS DE REPOSICAO
538764;PECAS DE REPOSICAO
538765;PECAS DE REPOSICAO
538766;PECAS DE REPOSICAO
538767;PECAS DE REPOSICAO
538768;GABRIEL
538769;ABERETELLA - FABRICA 2 
538770;ABERETELLA - FABRICA 2 
538771;ABERETELLA - FABRICA 2 
538772;ABERETELLA - FABRICA 2 
538773;ABERETELLA - FABRICA 2 
538774;ABERETELLA - FABRICA 2 
538775;ABERETELLA - FABRICA 2 
538776;ABERETELLA - FABRICA 2 
538777;ABERETELLA - FABRICA 2 
538778;ABERETELLA - FABRICA 2 
538779;ABERETELLA - FABRICA 2 
538780;ABERETELLA - FABRICA 2 
538781;ABERETELLA - FABRICA 2 
538782;ABERETELLA - FABRICA 2 
538784;ABERETELLA - FABRICA 2
538785;ABERETELLA - FABRICA 2
538786;
538791;
538792;
538794;ABERETELLA
538795;
538796;MARIO
538797;MARIO
538798;MARIO
538799;MARIO
538800;GABRIEL
538801;
538802;MARIO
538803;MARIO
538804;MARIO
538805;PECAS DE REPOSICAO / PED: 49357 / COR: CINZA PANTONE
538806;PECAS DE REPOSICAO / PED: 49357 / COR: CINZA PANTONE
538807;PECAS DE REPOSICAO / PED: 49359
538808;PECAS DE REPOSICAO / PED: 49361
538809;PECAS DE REPOSICAO / PED: 49357 / COR: CINZA PANTONE
538810;PECAS DE REPOSICAO / PED: 49357 / COR: CINZA PANTONE
538811;PECAS DE REPOSICAO / PED: 49357 / COR: CINZA PANTONE
538812;PECAS DE REPOSICAO / PED: 49383
538813;PECAS DE REPOSICAO / PED: 49383
538814;PECAS DE REPOSICAO / PED: 49385
538815;PECAS DE REPOSICAO / PED: 49387
538816;PECAS DE REPOSICAO / PED: 49392
538817;PECAS DE REPOSICAO / PED: 49393
538818;PECAS DE REPOSICAO / PED: 49393
538819;PECAS DE REPOSICAO / PED: 49393
538820;PECAS DE REPOSICAO / PED: 49393
538821;PECAS DE REPOSICAO / PED: 49393
538822;PECAS DE REPOSICAO / PED: 49393
538823;PECAS DE REPOSICAO / PED: 49393
538824;PECAS DE REPOSICAO / PED: 49393
538825;PECAS DE REPOSICAO / PED: 49393
538826;PECAS DE REPOSICAO / PED: 49393
538827;PECAS DE REPOSICAO / PED: 49393
538828;PECAS DE REPOSICAO / PED: 49393  1>>3
538829;PECAS DE REPOSICAO / PED: 49393
538830;PECAS DE REPOSICAO / PED: 49393
538831;PECAS DE REPOSICAO / PED: 49393
538832;PECAS DE REPOSICAO / PED: 49394
538833;PECAS DE REPOSICAO / PED: 49394
538834;PECAS DE REPOSICAO / PED: 49394
538835;
538836;PECAS DE REPOSICAO
538837;PECAS DE REPOSICAO
538838;PECAS DE REPOSICAO
538839;PECAS DE REPOSICAO
538840;PECAS DE REPOSICAO
538841;PECAS DE REPOSICAO
538842;PECAS DE REPOSICAO
538843;PECAS DE REPOSICAO
538844;PECAS DE REPOSICAO
538845;PECAS DE REPOSICAO
538846;PECAS DE REPOSICAO
538847;PECAS DE REPOSICAO
538848;PECAS DE REPOSICAO
538849;PECAS DE REPOSICAO
538850;PECAS DE REPOSICAO
538851;PECAS DE REPOSICAO
538852;PECAS DE REPOSICAO
538853;PECAS DE REPOSICAO
538854;PECAS DE REPOSICAO
538855;PECAS DE REPOSICAO
538856;PECAS DE REPOSICAO
538857;PECAS DE REPOSICAO
538858;PECAS DE REPOSICAO
538859;PECAS DE REPOSICAO
538860;PECAS DE REPOSICAO
538861;PECAS DE REPOSICAO
538862;PECAS DE REPOSICAO
538863;PECAS DE REPOSICAO
538864;PECAS DE REPOSICAO
538865;PECAS DE REPOSICAO
538866;PECAS DE REPOSICAO
538868;PECAS DE REPOSICAO
538869;PECAS DE REPOSICAO
538870;PECAS DE REPOSICAO
538871;PECAS DE REPOSICAO
538872;PECAS DE REPOSICAO
538873;PECAS DE REPOSICAO
538874;PECAS DE REPOSICAO
538875;PECAS DE REPOSICAO
538876;PECAS DE REPOSICAO
538877;PECAS DE REPOSICAO
538878;PECAS DE REPOSICAO
538879;PECAS DE REPOSICAO
538881;PECAS DE REPOSICAO
538882;PECAS DE REPOSICAO
538883;PECAS DE REPOSICAO
538884;PECAS DE REPOSICAO
538885;PECAS DE REPOSICAO
538886;PECAS DE REPOSICAO
538887;PECAS DE REPOSICAO
538888;PECAS DE REPOSICAO
538889;PECAS DE REPOSICAO
538890;PECAS DE REPOSICAO
538891;PECAS DE REPOSICAO
538892;PECAS DE REPOSICAO
538893;PECAS DE REPOSICAO
538894;PECAS DE REPOSICAO
538895;PECAS DE REPOSICAO
538896;PECAS DE REPOSICAO
538897;PECAS DE REPOSICAO
538898;PECAS DE REPOSICAO
538899;PECAS DE REPOSICAO
538900;PECAS DE REPOSICAO
538901;PECAS DE REPOSICAO
538902;PECAS DE REPOSICAO
538903;PECAS DE REPOSICAO
538904;PECAS DE REPOSICAO
538905;PECAS DE REPOSICAO
538906;PECAS DE REPOSICAO
538907;PECAS DE REPOSICAO
538908;PECAS DE REPOSICAO
538909;PECAS DE REPOSICAO
538910;PECAS DE REPOSICAO
538911;LBISPO - QUEBRA LOMBO
538912;ABERETELLA
538913;ABERETELLA - FABRICA 2
538914;
538915;SOLICITADO POR CAIO
538916;SOLICITADO POR CAIO
538917;SOLICITADO POR CAIO
538918;ABERETELLA
538919;mtrovatti
538920;
538921;
538922;
538923;
538924;
538925;
538926;
538927;
538928;
538930;REF. AO PLANEJAMENTO 05/06/2023 - NAO FOI GERADA AUTOMATICAMENTE
538931;
538932;ABERETELLA
538933;ABERETELLA
538934;ABERETELLA
538935;
538936;GABRIEL
538937;GABRIEL
538938;GABRIEL
538939;GABRIEL
538940;GABRIEL
538941;GABRIEL
538944;GABRIEL
538945;GABRIEL
538946;GABRIEL
538947;GABRIEL
538951;GABRIEL
538952;MARIO
538953;MARIO
538954;MARIO
538955;
538956;
538957;MARIO
538958;MARIO
538959;MARIO
538960;MARIO
538961;MARIO
538962;MARIO
538964;MARIO
538965;PLANTIO
538966;PLANTIO
538967;PLANTIO
538968;PLANTIO
538969;PLANTIO
538970;DF
538972;DF
538973;DF
538974;DF
538975;DF
538976;DF
538977;DF
538978;DF
538979;DF
538980;DF
538981;DF
538982;DF
538983;DF
538984;DF
538985;DF
538986;DF
538987;DF
538988;DF
538989;DF
538990;DF
538991;DF
538992;DF
538993;DF
538994;DF
538995;DF
538996;DF
538997;DF
538998;DF
538999;DF
539000;DF
539001;DF
539002;MARIO
539003;MARIO
539009;"INDUSTRIALIZACAO (ZINCAGEM)
PESO: 8 KG"
539010;"INDUSTRIALIZACAO (ZINCAGEM)
PESO: 8 KG"
539013;
539016;PLANTIO
539017;PLANTIO
539018;ABERETELLA
539020;APROVEITAMENTO
539023;
539024;MARIO
539025;ABERETELLA
539026;ABERETELLA
539030;
539031;
539034;ABERETELLA
539036;ABERETELLA
539038;ABERETELLA
539040;ABERETELLA
539042;ABERETELLA
539044;ABERETELLA
539046;ABERETELLA
539048;ABERETELLA
539050;ABERETELLA
539052;ABERETELLA
539054;ABERETELLA
539056;ABERETELLA
539057;
539058;FABRICA 2
539065;
539067;
539072;PC: victor.mendonca
539073;PC: victor.mendonca
539074;PC: victor.mendonca
539075;PC: victor.mendonca
539076;PC: victor.mendonca
539077;PC: victor.mendonca
539078;PC: victor.mendonca
539079;PC: victor.mendonca
539080;PC: victor.mendonca
539081;PC: victor.mendonca
539082;PC: victor.mendonca
539083;PC: victor.mendonca
539084;PC: victor.mendonca
539085;PC: victor.mendonca
539086;PC: victor.mendonca
539087;PC: victor.mendonca
539088;PC: victor.mendonca
539089;PC: victor.mendonca
539090;PC: victor.mendonca
539091;PC: victor.mendonca
539092;PC: victor.mendonca
539093;PC: victor.mendonca
539094;PC: victor.mendonca
539095;PC: victor.mendonca
539096;PC: victor.mendonca
539097;PC: victor.mendonca
539098;PC: victor.mendonca
539099;PC: victor.mendonca
539100;PC: victor.mendonca
539101;PC: victor.mendonca
539102;PC: victor.mendonca
539103;PC: victor.mendonca
539104;PC: victor.mendonca
539105;PC: victor.mendonca
539106;PC: victor.mendonca
539107;PC: victor.mendonca
539108;PC: victor.mendonca
539109;PC: victor.mendonca
539110;PC: victor.mendonca
539111;PC: victor.mendonca
539112;PC: victor.mendonca
539113;PC: victor.mendonca
539114;PC: victor.mendonca
539115;PC: victor.mendonca
539116;PC: victor.mendonca
539117;PC: victor.mendonca
539118;PC: victor.mendonca
539119;PC: victor.mendonca
539120;PC: victor.mendonca
539121;PC: victor.mendonca
539122;PC: victor.mendonca
539123;PC: victor.mendonca
539124;PC: victor.mendonca
539125;PC: victor.mendonca
539126;PC: victor.mendonca
539127;PC: victor.mendonca
539128;PC: victor.mendonca
539129;PC: victor.mendonca
539130;PC: victor.mendonca
539131;PC: victor.mendonca
539132;PC: victor.mendonca
539133;PC: victor.mendonca
539134;PC: victor.mendonca
539135;PC: victor.mendonca
539136;PC: victor.mendonca
539137;PC: victor.mendonca
539138;PC: victor.mendonca
539139;PC: victor.mendonca
539140;PC: victor.mendonca
539141;PC: victor.mendonca
539142;PC: victor.mendonca
539143;PC: victor.mendonca
539144;PC: victor.mendonca
539145;PC: victor.mendonca
539146;PC: victor.mendonca
539147;PC: victor.mendonca
539148;PC: victor.mendonca
539149;PC: victor.mendonca
539150;PC: victor.mendonca
539151;PC: victor.mendonca
539152;PC: victor.mendonca
539153;PC: victor.mendonca
539154;PC: victor.mendonca
539155;PC: victor.mendonca
539156;PC: victor.mendonca
539157;PC: victor.mendonca
539158;PC: victor.mendonca
539159;PC: victor.mendonca
539160;PC: victor.mendonca
539161;PC: victor.mendonca
539162;PC: victor.mendonca
539163;PC: victor.mendonca
539164;PC: victor.mendonca
539165;PC: victor.mendonca
539166;PC: victor.mendonca
539167;PC: victor.mendonca
539168;PC: victor.mendonca
539169;PC: victor.mendonca
539170;PC: victor.mendonca
539171;PC: victor.mendonca
539172;PC: victor.mendonca
539173;PC: victor.mendonca
539174;PC: victor.mendonca
539175;PC: victor.mendonca
539176;PC: victor.mendonca
539177;PC: victor.mendonca
539178;PC: victor.mendonca
539179;PC: victor.mendonca
539180;PC: victor.mendonca
539181;PC: victor.mendonca
539182;PC: victor.mendonca
539183;PC: victor.mendonca
539184;PC: victor.mendonca
539185;PC: victor.mendonca
539186;PC: victor.mendonca
539187;PC: victor.mendonca
539188;PC: victor.mendonca
539189;PC: victor.mendonca
539190;PC: victor.mendonca
539191;PC: victor.mendonca
539192;PC: victor.mendonca
539193;PC: victor.mendonca
539194;ATA 7000
539195;OP: 538135
539197;
539198;
539199;PECA DE REPOSICAO / GARANTIA
539200;
539201;
539202;
539203;
539204;PC: victor.mendonca
539205;PC: victor.mendonca
539206;PC: victor.mendonca
539207;
539208;
539209;
539210;
539211;
539212;
539213;
539214;JARAUJO - ATA12000 SC
539215;PECAS DE REPOSICAO / PED: 49406
539216;PECAS DE REPOSICAO / PED: 49408
539217;PECAS DE REPOSICAO / PED: 49408
539218;PECAS DE REPOSICAO / PED: 49408
539219;PECAS DE REPOSICAO / PED: 49408
539220;PECAS DE REPOSICAO / PED: 49415
539221;PECAS DE REPOSICAO / PED: 49430 / COR: LARANJA ATA
539222;PECAS DE REPOSICAO / PED: 49431 / COR: VERDE JD
539223;PECAS DE REPOSICAO / PED: 49436
539224;PECAS DE REPOSICAO / PED: 49436
539225;PECAS DE REPOSICAO / PED: 49439
539226;PECAS DE REPOSICAO / PED: 49439
539227;PECAS DE REPOSICAO / PED: 49400
539228;PECAS DE REPOSICAO / PED: PRIORIDADE
539229;PECAS DE REPOSICAO / PED: ESTOQUE
539230;PECAS DE REPOSICAO / PED: 49445
539231;PECAS DE REPOSICAO / PED: 49449
539232;PECAS DE REPOSICAO / PED: 49454
539233;PECAS DE REPOSICAO / PED: 49459
539234;PECAS DE REPOSICAO
539235;PECAS DE REPOSICAO
539236;PECAS DE REPOSICAO
539237;PECAS DE REPOSICAO
539238;PECAS DE REPOSICAO
539239;PECAS DE REPOSICAO
539240;PECAS DE REPOSICAO
539241;PECAS DE REPOSICAO
539242;PECAS DE REPOSICAO
539243;PECAS DE REPOSICAO
539244;PECAS DE REPOSICAO
539245;PECAS DE REPOSICAO
539246;PECAS DE REPOSICAO
539247;PECAS DE REPOSICAO
539248;PECAS DE REPOSICAO
539249;PECAS DE REPOSICAO
539250;PECAS DE REPOSICAO
539251;PECAS DE REPOSICAO
539252;PECAS DE REPOSICAO
539253;PECAS DE REPOSICAO
539254;PECAS DE REPOSICAO
539255;PECAS DE REPOSICAO
539256;PECAS DE REPOSICAO
539257;PECAS DE REPOSICAO
539258;PECAS DE REPOSICAO
539259;PECAS DE REPOSICAO
539260;PECAS DE REPOSICAO
539261;PECAS DE REPOSICAO
539262;PECAS DE REPOSICAO
539263;PECAS DE REPOSICAO
539264;PECAS DE REPOSICAO
539265;PECAS DE REPOSICAO
539266;PECAS DE REPOSICAO
539267;PECAS DE REPOSICAO
539268;PECAS DE REPOSICAO
539269;PECAS DE REPOSICAO
539270;PECAS DE REPOSICAO
539271;PECAS DE REPOSICAO
539272;PECAS DE REPOSICAO
539273;PECAS DE REPOSICAO
539274;PECAS DE REPOSICAO
539275;PECAS DE REPOSICAO
539276;PECAS DE REPOSICAO
539277;PECAS DE REPOSICAO
539278;PECAS DE REPOSICAO
539279;PECAS DE REPOSICAO
539280;PECAS DE REPOSICAO
539281;PECAS DE REPOSICAO
539282;PECAS DE REPOSICAO
539283;PECAS DE REPOSICAO
539284;PECAS DE REPOSICAO
539285;PECAS DE REPOSICAO
539286;PECAS DE REPOSICAO
539287;PECAS DE REPOSICAO
539288;PECAS DE REPOSICAO
539289;PECAS DE REPOSICAO
539290;PECAS DE REPOSICAO
539291;PECAS DE REPOSICAO
539292;PECAS DE REPOSICAO
539293;PECAS DE REPOSICAO
539294;PECAS DE REPOSICAO
539295;PECAS DE REPOSICAO
539296;PECAS DE REPOSICAO
539297;PECAS DE REPOSICAO
539298;PECAS DE REPOSICAO
539299;PECAS DE REPOSICAO
539300;PECAS DE REPOSICAO
539301;PECAS DE REPOSICAO
539302;PECAS DE REPOSICAO
539303;PECAS DE REPOSICAO
539304;PECAS DE REPOSICAO
539305;PECAS DE REPOSICAO
539306;PECAS DE REPOSICAO
539307;PECAS DE REPOSICAO
539308;PECAS DE REPOSICAO
539309;PECAS DE REPOSICAO
539310;PECAS DE REPOSICAO
539311;PECAS DE REPOSICAO
539312;PECAS DE REPOSICAO
539313;PECAS DE REPOSICAO
539314;PECAS DE REPOSICAO
539315;PECAS DE REPOSICAO
539316;PECAS DE REPOSICAO
539317;PECAS DE REPOSICAO
539318;PECAS DE REPOSICAO
539319;PECAS DE REPOSICAO
539320;PECAS DE REPOSICAO
539321;PECAS DE REPOSICAO
539322;PECAS DE REPOSICAO
